249120983536
249121923164
249112156942
249128486680
249129679006
249129436700
249116749013
249119841742
249120877424
249114689968
249127242773
249127933189
249118245578
249118771128
249122553540
249112494375
249119478542
249112063418
249100218818
249113072760
249114851930
249129223246
249123332732
249116361085
249115065662
249125610820
249100924954
249110085205
249100788040
249123427167
249100394174
249126320656
249111112059
249124656999
249119877585
249129899362
249118995993
249112176667
249114927764
249119169135
249129598890
249116282463
249110827863
249113948624
249118727449
249122634253
249117412836
249127840300
249111475023
249118098466
249118049450
249128524323
249111441414
249128656898
249118179675
249115085061
249113778283
249118777022
249126534135
249117639481
249119078693
249117616324
249114626052
249125592386
249124677823
249115933142
249119120179
249128463126
249118354222
249113155818
249100922346
249119726811
249110522244
249114752523
249129949049
249117450563
249100961078
249127335814
249125065741
249113036076
249101979056
249119349003
249127582801
249101881073
249116864053
249126151436
249113688237
249119121617
249127046389
249113669745
249129248266
249111745751
249113844717
249111048476
249125758543
249110530289
249111494443
249116758942
249116876115
249116292761
249129577740
249114695727
249118423322
249119747679
249111963702
249115015015
249128620957
249115472830
249112346519
249117885552
249113351717
249129555410
249128985726
249129822286
249129674178
249116187344
249116095592
249115348500
249100343564
249113232015
249115677690
249129296038
249115718915
249128418510
249126741948
249117183266
249127760175
249101559182
249114788536
249113328338
249115995746
249112177697
249125557856
249112682542
249111936542
249113162157
249118776687
249126482210
249116810820
249119656914
249125715414
249112581392
249115955624
249115722798
249124516339
249100912121
249125340394
249111583107
249127040326
249126731105
249124658018
249101884867
249124643042
249114485539
249118027996
249111627260
249113794498
249129211807
249123119029
249117818856
249100916905
249126691218
249100999572
249112577882
249121883836
249123769260
249113634666
249111614605
249121765158
249118618605
249119173917
249118192156
249119813625
249129828217
249125954352
249113623637
249125315703
249119176023
249121627853
249125991862
249113310834
249124436123
249121425817
249118370441
249101394976
249114363632
249113580704
249124664634
249114510949
249122092004
249111452667
249113467550
249123049782
249115011157
249115144622
249116594148
249127984820
249114280665
249111140098
249113352052
249113798867
249115324770
249101397097
249119792468
249111945901
249119469822
249123958332
249112735557
249119765336
249119830013
249114893453
249114418085
249121456370
249129714899
249113538159
249112066565
249117486084
249112449434
249124188574
249116256175
249118167334
249125964299
249119459020
249113545339
249115248047
249117163385
249111930018
249122661752
249119422218
249100611246
249117788115
249101813154
249112132618
249113838835
249116547736
249121223156
249126785354
249111187126
249112436023
249129754461
249100972563
249119992519
249115791890
249125316430
249117231093
249116789807
249128822575
249111084052
249115566945
249100162022
249111671965
249128036389
249118468249
249114349498
249112739988
249113923545
249120068626
249114169884
249124866489
249119961652
249128424748
249117196543
249114328753
249124064735
249116185004
249115757131
249128039485
249114375431
249110334091
249129539977
249129897597
249114314438
249114399371
249127085021
249121684590
249117220034
249126253200
249114197922
249101667427
249122880694
249127267874
249118682260
249112270117
249114694748
249127648967
249111395625
249121327969
249118576602
249119191124
249129939340
249119618674
249127368731
249118324042
249101052627
249115930755
249112185952
249124227653
249124060429
249128075752
249127732587
249124668592
249115743293
249118879355
249113758790
249117359978
249118372332
249116854908
249116450007
249112664690
249129732771
249127290340
249129740866
249125867356
249113297578
249124613765
249112381077
249118054022
249112397322
249128993336
249129282271
249113095654
249122571138
249128071470
249117751934
249123912648
249124181188
249118048818
249113338117
249121341351
249119564197
249122761229
249122929450
249110097616
249110380242
249110551751
249129589612
249114948402
249127586102
249119078538
249122296934
249101468771
249129254232
249129768062
249110849342
249115934349
249115720655
249124097436
249112433539
249125356874
249111257733
249111621136
249126468769
249115277598
249129287502
249116045887
249124193259
249111358419
249112485117
249127596145
249126195602
249100997801
249100168438
249129750038
249121135142
249121285702
249110112118
249117967118
249128874490
249111548022
249118556122
249114517641
249117732325
249116650439
249127916892
249124010839
249101647811
249118314040
249111074114
249121423695
249114182404
249124022868
249119737865
249118891251
249125721105
249126035476
249122697366
249117252204
249117442738
249127825271
249129829544
249116217962
249118373327
249101485011
249124177964
249129079978
249113765895
249124017542
249123921177
249112047404
249126214092
249100991013
249112161727
249111389379
249122734326
249113399317
249101299077
249113267645
249119424601
249126769544
249101312779
249114324710
249120844834
249112315638
249128357576
249100136347
249118366717
249113930142
249122987037
249128667494
249128347065
249116695681
249127461386
249116938297
249115981591
249127628859
249127835138
249125735305
249116852072
249125210973
249113980526
249100164207
249114249559
249125970887
249113764103
249114312400
249121170811
249120440702
249124767046
249125941703
249124637334
249112434591
249119617143
249129646657
249116484733
249126723348
249113583364
249125572871
249125189245
249112527890
249122272545
249129268282
249111228013
249129764125
249114174003
249121684456
249115150579
249120825192
249127693878
249117081928
249110380753
249117340076
249112058554
249101620885
249125215530
249111690958
249126765710
249126985341
249126251074
249127011482
249115195223
249126252492
249129858914
249111322578
249113170280
249129954888
249101870563
249114390478
249126664035
249123975728
249128923385
249114564347
249123687653
249111627910
249124696523
249119035963
249128998393
249118223787
249124467299
249128332029
249114229770
249112387479
249127498558
249116736470
249125771443
249113317342
249129680328
249124438617
249124298875
249128383877
249128236811
249125926883
249110784249
249129994472
249114642447
249114655531
249119883103
249119918278
249113816929
249118374300
249115445334
249122172026
249119584493
249127067719
249113840462
249112054280
249100414771
249121256769
249118184377
249124145265
249125017915
249125780907
249116992920
249116081416
249114515154
249124627799
249112486326
249129138496
249113563641
249113688321
249115118728
249128159629
249113077975
249114933798
249100940886
249128616203
249121848470
249112994567
249112778489
249116462568
249101820667
249114257851
249128860118
249128815778
249112644829
249129331174
249100239719
249110389851
249125236474
249116763771
249100957151
249123925347
249115289311
249115779307
249123957890
249129715108
249114729338
249114596280
249119661390
249122755472
249119898991
249101553749
249112574755
249113819038
249119244277
249116225361
249116032872
249100975687
249113013342
249118849914
249110161477
249114823009
249127494006
249115428481
249118410202
249117452142
249122230946
249110057809
249117299652
249101359528
249110821113
249114491083
249129212767
249128019212
249124347762
249115557022
249119357656
249129770892
249118029479
249115789921
249128340764
249112437497
249124987125
249116462933
249116495298
249115391655
249112617353
249118767554
249114939959
249121313892
249116453882
249100964971
249119910908
249115752084
249117140839
249129775172
249121937000
249129980907
249128117830
249110175420
249127852225
249119883814
249126558051
249129321686
249118853418
249101589466
249121467940
249128750007
249126115957
249121941820
249124289975
249116125024
249124034519
249114076807
249112026454
249123939908
249115587560
249124169603
249101431245
249127053821
249116998476
249115351513
249117596858
249119491161
249119877844
249118473762
249127749358
249101311438
249129335235
249126866171
249111594760
249115017455
249124989651
249117594681
249129628656
249124620798
249121813915
249127975642
249121973183
249112569211
249129785162
249124069830
249112686041
249119553779
249101368038
249127852409
249116413341
249114284606
249128940923
249110559055
249110717295
249116338693
249111321054
249122550508
249116139878
249115576844
249124488051
249129448747
249125412476
249129750083
249115119098
249117563544
249122395330
249113166817
249112097755
249126162531
249116865655
249100230650
249115597935
249118098195
249101877775
249116131748
249113333028
249121162825
249118131751
249119677557
249122314588
249110320341
249114629741
249129265893
249127627672
249118386125
249116678910
249117752923
249118440604
249115379775
249112459164
249114534955
249110357729
249124195581
249114820923
249118759603
249117640152
249119660928
249118472211
249111496920
249119438915
249113750887
249119990354
249113249928
249118888842
249115164376
249117732309
249100996152
249112670347
249112136505
249124185961
249123952916
249129576077
249129664637
249111267006
249111981855
249114572786
249128822122
249124432802
249112636573
249116056381
249117247288
249121214985
249117621685
249111413614
249129731090
249115784017
249110879061
249127823245
249119518933
249125169624
249114138355
249114436269
249129610113
249101248131
249120398893
249126842884
249110596958
249101911397
249100180944
249116775140
249116179507
249112365220
249111294917
249129378979
249112314698
249125763419
249128630855
249119387673
249129676239
249124248476
249121922993
249125694373
249113862938
249123127265
249119815828
249129775968
249119589339
249113066536
249119768763
249127961505
249125147345
249114234019
249117320692
249115926487
249129595827
249114129660
249111415134
249124647608
249114513891
249110326848
249117663737
249119144511
249100377535
249100318610
249100399381
249110166808
249112782756
249112410023
249113070993
249113698962
249125315160
249126291546
249129294184
249122614821
249124358775
249112490053
249126671582
249118629720
249127652824
249112332323
249128136758
249118847761
249100987688
249123464274
249123636848
249124980322
249113671247
249127533100
249128566385
249115382723
249112418617
249111473570
249129081395
249113212447
249129467597
249121353123
249117750206
249112313450
249118760100
249113953228
249125799993
249129436692
249101338210
249101520932
249101486105
249114249037
249113528070
249123089116
249114289414
249117289075
249127771943
249126038837
249117555137
249112210564
249111050336
249123519814
249111754224
249100189152
249115228789
249115140002
249114319817
249119626520
249114441064
249127395814
249117520549
249121683057
249127578705
249126995687
249100626471
249113622993
249124645671
249114038682
249114118096
249112372818
249124324610
249127119193
249129817872
249100597871
249119830582
249125560590
249128029808
249112179166
249112550664
249110319494
249115761662
249112149267
249115357154
249115026912
249127982171
249115677041
249126016953
249111159466
249118796593
249124137275
249126686065
249113079011
249128260939
249129634352
249113254042
249127595271
249119972818
249121829320
249112021899
249119473136
249126275244
249122741011
249125271564
249119829583
249129311553
249112937238
249121233757
249126218501
249127171228
249127389826
249112451278
249126552867
249117593641
249125334206
249110183376
249115097829
249101983270
249119577230
249128565524
249120568605
249116095131
249112553788
249119739730
249126789689
249114449700
249114811703
249100785167
249115752022
249117555708
249115274197
249125578390
249129323184
249127144684
249112367310
249115540200
249125175339
249101535145
249110614449
249110050379
249122794456
249129274639
249101873723
249118473521
249126146298
249119542756
249114289823
249119433870
249114313558
249127836064
249124259452
249124946926
249111211537
249101875860
249126882782
249128659646
249125614579
249115293270
249114328075
249111326666
249122113201
249115063682
249115751062
249118442520
249126074291
249113480936
249111010157
249110893287
249113522331
249101529482
249127916122
249101623536
249110334801
249112078053
249116458611
249123960219
249113124938
249114190653
249101543896
249113898483
249110314093
249119270072
249112938174
249118074426
249124317938
249118729716
249112747722
249123982467
249115075830
249117743713
249101312278
249116876382
249113731043
249123810938
249119442944
249113348150
249113320163
249125159088
249127816638
249110676272
249113832090
249111019117
249115862381
249115667510
249113825687
249100083878
249117217032
249112597049
249122741258
249114644613
249124619701
249100227450
249124421909
249100697207
249111476267
249110732602
249113619031
249120173183
249112754951
249121773012
249115126975
249125025690
249117415736
249101848820
249119110486
249116417629
249119482232
249128644493
249125755877
249128799414
249112095434
249116959856
249110078566
249112796121
249112365453
249119044842
249116480362
249117398515
249114315168
249112111261
249129216156
249112567979
249123084472
249128355747
249114699120
249101378552
249124231661
249120095872
249113865654
249112392799
249101836047
249127323185
249126638096
249116520993
249115317129
249113637359
249101336641
249124229488
249127420554
249101899362
249123997270
249126428033
249111592571
249124720469
249113595774
249117977861
249112584560
249100926793
249121439750
249123654769
249118341647
249127829797
249114592808
249117556033
249110710512
249112424226
249129722674
249119848186
249124678132
249101343659
249128620461
249126723822
249113289702
249115786773
249101552116
249112128500
249124741863
249111930292
249117574771
249113467270
249124647584
249113747518
249124188673
249112475114
249124160487
249111661024
249113183396
249113142405
249111410350
249113128726
249110729626
249119172899
249114346266
249114887582
249110768513
249100462912
249113591706
249126573914
249125917449
249116813014
249123838402
249112679314
249114372006
249127252012
249112538331
249120263424
249128083003
249116038383
249122776378
249120411425
249114673369
249119497053
249116968856
249112045781
249119743161
249129916486
249111829743
249123624838
249122249645
249128949703
249115272864
249113363179
249113544140
249124574882
249126634368
249116436547
249115298478
249100169143
249114534327
249115452948
249114670674
249113875965
249116120069
249112328517
249110530124
249124663428
249128457439
249112133128
249115284391
249124682187
249118063849
249113698187
249129544721
249115946942
249113927067
249114698013
249119435183
249124843291
249101361944
249125953799
249118468615
249119399451
249112550684
249112547857
249112337971
249101852137
249120769394
249110194369
249115711647
249125239922
249125757049
249101821419
249126879743
249101835768
249129557114
249112118220
249127369324
249121943234
249111263599
249110743282
249125254399
249100913493
249112771239
249115361020
249111977224
249100758447
249119985368
249120448721
249120487872
249116760000
249121213498
249101869308
249125167555
249112430261
249113122349
249119983698
249127961308
249114715341
249125150946
249112416171
249121897677
249113834449
249100826512
249129885672
249113424045
249111175392
249114323805
249127533261
249110183407
249116547839
249113681646
249114118639
249129436722
249114135044
249110526959
249127640814
249110097660
249129091780
249114763000
249113293277
249110139150
249124798678
249114867907
249128259517
249114459047
249101837333
249115819762
249110521146
249116134639
249117977616
249115741528
249118086743
249128887390
249101064945
249115556070
249121161161
249118898908
249101866846
249114021997
249124437180
249124963842
249125467405
249114179537
249125754654
249116438803
249126178381
249119957706
249122746772
249128667906
249100444392
249113990764
249118952136
249111879397
249117093232
249100743903
249126276502
249112143763
249119933685
249115432438
249114459974
249113452983
249116410436
249127557259
249127778138
249120457973
249113759433
249119996512
249115865191
249124875441
249123982581
249129490404
249128745498
249115229485
249126984358
249112515595
249117415176
249120199731
249129465012
249127175146
249120819662
249119644767
249101811302
249119186298
249101686429
249121389091
249112010670
249100429705
249112430553
249115226465
249120758046
249124859670
249116114960
249127292908
249125283201
249101891407
249114452946
249111223027
249123735879
249119534891
249111332192
249115596359
249125052524
249111346127
249118973400
249125919889
249115827855
249115098793
249119585614
249113029502
249122963365
249115010889
249100670795
249110311382
249124822739
249128639711
249125747629
249124883184
249124694997
249115631464
249126871325
249114438146
249117143487
249124343261
249110034804
249119410127
249112083712
249124398003
249126953362
249121989974
249128220325
249124614257
249122726535
249111189456
249116164123
249124949514
249117657320
249111212644
249127412503
249110349511
249129843568
249119933581
249117220089
249113893604
249128777285
249101816184
249129277099
249119836503
249126629185
249129297304
249111391911
249116110114
249119591347
249112531978
249110169698
249118320421
249118868649
249118970575
249113583085
249112410953
249117316408
249122717326
249112368144
249115092406
249126184404
249127276630
249115962351
249128958435
249124289983
249116334148
249124058903
249125131192
249110381776
249126961592
249125416918
249117287468
249117628928
249126572304
249117580033
249112797431
249122743278
249127993925
249110379257
249110311694
249118038175
249115374122
249124758319
249110770825
249121255982
249100144821
249127680395
249118491536
249129795216
249119512139
249110178411
249127515579
249127083038
249116547034
249116044920
249117597614
249128166415
249118212965
249113864995
249114635642
249124351638
249121092170
249125548979
249117212239
249113290880
249119682430
249111565275
249121939958
249113313337
249118961035
249116212248
249124776658
249125685849
249115095709
249110132965
249112468409
249113192671
249110350229
249112434734
249128893198
249100269963
249122738933
249112769846
249126552090
249110538948
249126042818
249117062200
249121884861
249124478903
249126052834
249121167460
249116960255
249126453840
249118329836
249120113618
249112657377
249125773653
249111373701
249129694316
249129272849
249112356995
249129593504
249128976879
249118240283
249114133409
249126512202
249124277519
249127333129
249100055862
249117020381
249118828967
249118044329
249115625959
249115687584
249114173695
249101998086
249101929630
249128578742
249115118518
249117898735
249110536479
249111286594
249112098565
249119726347
249122229519
249117383556
249122911629
249119997658
249112989838
249113539131
249110542954
249117633052
249114280619
249115228426
249112040424
249124335261
249113882703
249118576293
249115826717
249113342788
249118759737
249128620456
249126748088
249122349904
249122751110
249113535634
249128213202
249114540524
249129454957
249119631658
249125472492
249116810184
249125343205
249119518013
249114769545
249119047487
249101848172
249124890224
249118716368
249111592549
249121249086
249120011113
249118473709
249114017370
249116942519
249116124107
249129431504
249111236274
249114163460
249120972840
249121293062
249101832314
249127968626
249127613929
249129249454
249116623920
249115019023
249111060479
249114197553
249119673090
249111768572
249124395671
249116824698
249117466808
249110151854
249101653424
249120452668
249124358679
249116863598
249111221088
249115488920
249124847575
249125970996
249116266420
249110580366
249110599558
249115271388
249125225401
249112355232
249101380683
249112981697
249119420376
249111379014
249113340696
249124374739
249126723550
249128534895
249127676319
249111247225
249119432399
249115719524
249116174128
249124297193
249116125851
249125316827
249112655761
249129857022
249127771349
249124953962
249115077090
249121976225
249112128715
249126050762
249115986773
249119766576
249100367612
249100826019
249119524252
249115465609
249115058958
249118390883
249128979697
249127880446
249112282080
249122735123
249117939004
249115662837
249124014967
249116412760
249113848439
249112112156
249100182408
249111662251
249125712486
249129237692
249120751130
249126279854
249126685773
249120125730
249119744787
249100937880
249129536847
249101382551
249128882821
249119473588
249117385485
249128016111
249129725823
249112455775
249129634094
249110388797
249121847761
249126849145
249115984741
249129417503
249100293493
249119481734
249127269700
249124126988
249111675304
249115790457
249117541161
249119464710
249119725872
249121615812
249125149463
249127370049
249110836237
249116216463
249119129814
249113663015
249118031154
249128225654
249129781087
249124670355
249116484390
249126062011
249114838616
249113610972
249127726482
249118473177
249112434372
249123160627
249129796571
249125664509
249120576715
249127612967
249127685538
249115119868
249116027444
249119025706
249113828867
249110137581
249114622131
249111674402
249112092647
249128186709
249113780616
249110779425
249116925680
249124014004
249127655834
249114560707
249116999059
249116196021
249125654813
249116684620
249115051034
249110118010
249126248800
249123989971
249110562235
249127441102
249127164488
249123063319
249116096029
249116593030
249122631986
249124651535
249116680482
249116873610
249114790240
249110360698
249128492243
249126226556
249126399998
249110944063
249127414803
249115352409
249119160694
249112658490
249126044519
249100269615
249123072820
249113045209
249126157681
249126050786
249129296953
249110374066
249129446383
249124568271
249124435374
249117330877
249116169525
249123915831
249113211396
249116438932
249127768344
249125330622
249129648561
249119860881
249112937792
249129944438
249126176073
249127912092
249113031086
249115684928
249126664770
249125528676
249114142723
249112452471
249100940959
249126157163
249113768850
249111785054
249114183353
249122717416
249110344127
249112533549
249115220058
249129681016
249100129560
249125134805
249124173247
249111841228
249121447646
249127732247
249116910415
249112322880
249119722047
249118142697
249117113187
249125954399
249110319119
249129772353
249114771367
249126263056
249117610168
249114635616
249129517147
249110570569
249112199567
249101382422
249112327388
249124825900
249117873933
249114441018
249112146086
249123424866
249115968609
249101560353
249112391721
249125499047
249118014205
249113647322
249125610749
249120534093
249113760589
249112146414
249113130511
249125725760
249116243153
249101841513
249121283892
249116372686
249113649972
249126126966
249128017812
249101892657
249100591486
249113160932
249114426268
249113044918
249113921933
249115735283
249121673923
249125936719
249114461381
249112595123
249111662953
249114053827
249100729866
249112453675
249110587734
249112014536
249117955971
249101868722
249126749615
249129293478
249115310053
249116242257
249113031030
249112712488
249128960356
249117634695
249118448017
249126998225
249121296222
249111861548
249125316196
249115036714
249125477347
249114048135
249128893201
249121167578
249111844757
249116156667
249115768775
249122260036
249124791893
249126929875
249115496346
249114913021
249111852110
249129794023
249122399324
249126412394
249117795512
249117675294
249111256333
249125355593
249126612107
249112512435
249119039103
249125230647
249119876429
249128873878
249118594635
249119831900
249114520712
249115034047
249127256158
249120856039
249114021432
249117824778
249120430148
249126765851
249110779316
249122614470
249126518185
249117466328
249124362011
249119011812
249126831724
249118324685
249112134711
249113498315
249112779775
249113686356
249124945014
249129550511
249119518455
249125522943
249101261740
249119170586
249114911606
249116449067
249123066596
249112694793
249115819637
249110616941
249128826841
249119123728
249127770681
249112398933
249100167762
249101043776
249125122577
249111427386
249119720153
249101537249
249126461439
249100360875
249128944531
249121316750
249110571669
249126756858
249129928458
249110812507
249122275180
249128783774
249100252209
249124150674
249124347458
249124925506
249101273360
249115992809
249113615123
249121582177
249126712340
249101896618
249113684687
249114550338
249100148544
249125320308
249122666566
249119594697
249115867997
249123020179
249111575961
249100765542
249125272440
249101851489
249101945587
249112366882
249119895607
249116574313
249127528798
249124014625
249119976934
249129417852
249100989103
249112527379
249116864370
249113495761
249127886731
249122983342
249126131228
249111937291
249116862678
249128712181
249112545498
249125843293
249111697946
249129882266
249115374501
249112641930
249117867405
249125073473
249125949351
249115184067
249124495629
249113616203
249115344805
249115125109
249115592908
249113431493
249111437522
249118141580
249114177836
249111212451
249111559159
249116358564
249128657799
249122528011
249112470994
249115068529
249126799623
249119791848
249100661127
249119794283
249115862392
249113368392
249129283014
249119091772
249124917343
249119085335
249114657283
249113781516
249119768338
249124177522
249110681178
249121938726
249113724973
249100224310
249113597265
249115788967
249119626291
249128898753
249129319506
249113869963
249112697490
249119847839
249117716159
249117587385
249113937813
249125543962
249117161178
249111488715
249112592403
249123659683
249110170014
249115284955
249125797899
249124989881
249113766355
249115730682
249112443711
249114241152
249112055895
249112911277
249113358449
249126181531
249112528489
249124675586
249112392373
249124110882
249127519673
249117251741
249100972343
249116839611
249122739173
249114699566
249115933330
249127625436
249100480582
249113113507
249122220704
249115859328
249100792434
249120250247
249110332266
249128278859
249111154499
249111281039
249112020697
249127537232
249119065429
249119254715
249112217581
249129598226
249119036782
249111411296
249115168429
249121919504
249117762292
249125950332
249113649028
249116066856
249128812219
249117588794
249115561400
249113566009
249125138202
249129870966
249116219474
249126042846
249111460785
249113811352
249123836858
249126060980
249117152502
249118345254
249129254395
249124563869
249122761814
249119524670
249125778558
249100292261
249115229466
249101684443
249116989102
249117650949
249114312970
249116439101
249125894845
249111870059
249121167481
249129836654
249127510530
249117263547
249116936440
249128064620
249101531428
249124693287
249113641852
249125321958
249112231685
249119723755
249113135434
249113339723
249127778868
249117527902
249124338612
249116691055
249124955218
249124645144
249124397770
249125535063
249116423785
249118237301
249113438902
249125313486
249117817620
249110566992
249128229057
249129616875
249100075272
249124348487
249116675723
249125937660
249121742753
249126459112
249123268275
249128519936
249118411302
249116759903
249101659688
249128691405
249128729483
249114145057
249128044611
249125985472
249112126293
249112323245
249120439633
249113747252
249111284511
249115714054
249113736417
249112561529
249117374221
249116265981
249126845138
249123117532
249114372322
249118580530
249113846835
249126556368
249101342806
249121121915
249101866001
249112090883
249117887192
249118479962
249112520628
249128075612
249113415374
249129366758
249128644858
249113444416
249116891163
249129574081
249119548382
249100989471
249128140644
249123327912
249124053616
249128692840
249126040498
249128527017
249117714479
249116745227
249118783479
249111148288
249129040690
249125793628
249120410807
249101935786
249111678915
249117512905
249110580761
249101663755
249129386988
249114132177
249112443258
249112362784
249114145261
249101847892
249125995630
249112331934
249100927325
249125326057
249119090128
249117412528
249118071026
249127562644
249129630441
249111025285
249115159953
249112428850
249111047673
249113288106
249116124579
249121247219
249100617459
249122290035
249118068342
249101831327
249101846879
249123664797
249126551599
249100134016
249112624815
249110798246
249115267495
249112681051
249126296548
249119721508
249127262584
249112917711
249126063206
249112398406
249127669510
249126486204
249112357325
249111632570
249128916819
249119642063
249129711129
249111612165
249113477916
249129618858
249129738205
249110750868
249116254109
249112560662
249113357452
249122743464
249113647165
249113686687
249127641364
249129364646
249125113535
249111228799
249112341327
249118118890
249115473819
249115737691
249100721358
249115467361
249116376549
249112094425
249126296036
249116083652
249112277174
249121273779
249113827101
249113015806
249122137422
249126523379
249121883940
249127512255
249124554839
249123070555
249127757777
249115029556
249115928356
249115989424
249115731821
249127837139
249129934882
249113229271
249114890022
249126813156
249126168676
249118689633
249115768074
249124985741
249115092705
249119153622
249125954606
249113962111
249120895069
249110666898
249124261819
249125887970
249100653984
249100640614
249120561961
249112368170
249117994487
249115719102
249127788492
249111963381
249110057070
249100858353
249124717355
249128442264
249113330573
249128676290
249111471086
249127743351
249117960603
249120870742
249128472657
249127677035
249129755115
249111787029
249101376460
249101884223
249101982368
249125661205
249114611880
249115159463
249120198753
249118320091
249128218372
249128192989
249101941075
249118076957
249110358638
249113861768
249126940555
249115969537
249129467328
249113736734
249127524095
249127692793
249120551558
249128941660
249125257483
249116750201
249119932506
249117811759
249116439961
249111239541
249117932955
249119952113
249110324089
249116847340
249101544012
249122616742
249113824202
249116140885
249126881538
249125916438
249128966045
249113395670
249113164833
249114463371
249111684846
249111919673
249112880831
249112569921
249119540556
249100626849
249111097460
249129329370
249124275224
249118396963
249127772746
249120326032
249112325550
249116796995
249115937575
249124235957
249112245422
249112459665
249125391694
249114374413
249120768186
249118817633
249128062137
249112144885
249112445463
249129478177
249111635039
249125944654
249124110888
249100923541
249111397182
249117631055
249119130384
249127227513
249112734735
249129317938
249111762412
249121338720
249112150937
249124871156
249110733451
249127319738
249129542673
249129623371
249111361252
249121589459
249126220353
249112019450
249117966196
249118383173
249112733194
249101411653
249127523866
249129985804
249129176823
249119784364
249114736535
249114482920
249124067881
249123112473
249124986688
249124321692
249114840765
249129278863
249129547115
249127390995
249118740196
249112328649
249116940608
249116427346
249127895186
249128651763
249115465272
249119269676
249127616207
249129048899
249112774787
249121876680
249121534593
249114513161
249111885458
249100651355
249112543347
249119991364
249112156218
249116452103
249113664965
249112358669
249117549935
249126429525
249101888337
249101346468
249115383956
249121979643
249111225630
249116958773
249127976000
249125972072
249113812112
249111192685
249100932834
249117021466
249113895635
249111510951
249126177028
249126933810
249113870122
249123231910
249119793164
249115950260
249129543342
249113488368
249120162284
249101359159
249115019970
249110838215
249111645852
249127354499
249127694060
249112867227
249113630906
249129685699
249111030516
249114423793
249114179124
249125668620
249114522050
249124097744
249116136584
249112158860
249113183432
249111923556
249110385595
249122737020
249119439539
249100390455
249124139627
249123117347
249118891745
249124468401
249117131232
249112429123
249112321224
249123043653
249112427817
249126429261
249126043168
249122880715
249127443676
249128698546
249117612644
249119765299
249101914836
249114355690
249101388021
249129348321
249113711502
249124068507
249100744230
249100636681
249119713769
249114570378
249129675825
249114491199
249116553764
249113355779
249114920143
249125218093
249115972193
249101880109
249114373083
249127226165
249111587228
249112130161
249124241561
249119519154
249116939298
249112376920
249119434369
249101684836
249124277966
249100164603
249127246275
249112173454
249111893632
249127844881
249126519092
249120012805
249112542143
249126096578
249122324590
249128399572
249114260650
249110720730
249123532963
249116499164
249128712484
249116886473
249117452728
249127792720
249127421988
249115935673
249119473720
249113966553
249115980948
249123694521
249118178562
249123669807
249115299826
249129938204
249114152739
249117552076
249119544491
249128647350
249127626485
249124029277
249129427843
249118982841
249110926055
249128676251
249111431903
249113860826
249125151599
249113474139
249101429743
249116385737
249116085079
249112194419
249112488927
249124341963
249125636503
249110550803
249128629280
249127270871
249124645617
249127331382
249113668104
249116312465
249113171357
249122751569
249128619875
249116118353
249123922288
249115773508
249128492852
249113687360
249110346462
249128970834
249119997417
249119067822
249111074542
249126822648
249112393057
249116494570
249113414298
249128925031
249117350040
249117187313
249112119627
249125246764
249111155248
249119252813
249110584406
249122021648
249116823491
249118552522
249127125375
249118097711
249119859660
249113456407
249111716130
249124290824
249118027044
249122930821
249121658633
249101051282
249116229602
249128043722
249112589297
249118072638
249110516568
249129834754
249117460510
249122640963
249115035584
249115260199
249100582287
249112948271
249111395991
249115267170
249113587025
249114198547
249124270023
249118611049
249126176577
249117216450
249114256558
249115936313
249113564531
249119777549
249113193251
249123142473
249128015013
249121811451
249100798276
249100620637
249110558204
249127965390
249129647420
249112374206
249113975786
249124993481
249101840451
249114259729
249114662509
249121656037
249129647419
249126422895
249120755957
249111875327
249119560350
249114799504
249126721107
249110542770
249100247712
249114321933
249129440641
249114444783
249112298207
249124673626
249117422391
249100175470
249117062919
249117815386
249112643281
249112073476
249125727590
249128881882
249116037987
249118524925
249112192156
249129912353
249116023279
249126110817
249127696924
249129421900
249114049411
249100222085
249113184088
249115036051
249119293548
249115775218
249119860681
249127890242
249126926679
249117065126
249119914922
249124928161
249111393573
249126887775
249117086847
249121856892
249113092027
249119718764
249116242614
249128661967
249124736968
249115561215
249126123915
249129680381
249114357709
249117682039
249126952792
249111197815
249127658227
249117817810
249114718148
249123083534
249128833270
249117097456
249116965530
249100967266
249112693804
249129916266
249113547695
249126256327
249110364530
249117391792
249128265812
249125196308
249117584492
249113732458
249121364433
249119683549
249129012389
249126835186
249119739636
249113492602
249116696256
249100976320
249100754946
249112360993
249127789430
249116076036
249101546190
249112150365
249101084666
249101849423
249114891588
249115262203
249117625456
249111260262
249126880390
249112328913
249111476891
249114048876
249118296303
249111999557
249119588585
249125727708
249114646830
249114467348
249111178015
249124643879
249128041503
249125991556
249117489395
249114874281
249115436120
249122399642
249122759240
249118714936
249115760702
249126677202
249117780187
249113230495
249113794919
249112237359
249124147621
249128539283
249127567183
249127433403
249112468939
249125622099
249126627107
249114229960
249123152854
249113651649
249121875236
249118228452
249111757712
249113452418
249122118828
249125926352
249124686158
249124863602
249112374417
249128046649
249125237502
249129533700
249117718780
249100323720
249127766860
249129332341
249112038764
249110948309
249118023483
249112056437
249128271126
249126091026
249125970076
249124126925
249117452692
249126263579
249113344276
249110592777
249126466627
249117626213
249126223659
249112728087
249100245925
249123714249
249114264475
249125728686
249101812834
249114846277
249117390534
249119726768
249100265832
249124339744
249100864759
249126837437
249128419267
249111181146
249118466278
249119585549
249111249352
249124227676
249129462005
249100255273
249101024985
249119981022
249114641667
249128979048
249129744677
249126416834
249128916907
249126247813
249114233044
249124743139
249116479118
249116862379
249121374075
249119241777
249119878829
249101428525
249124844583
249115641436
249126184053
249123588478
249119240550
249100631602
249118353186
249115295588
249101532279
249127296805
249127423539
249127695629
249112136902
249124682532
249116263562
249123121024
249114566029
249117624363
249127189492
249126282243
249111512721
249128955220
249115826147
249114687131
249116293275
249126951664
249113871605
249114813930
249124625453
249117927705
249119979337
249126830109
249127451859
249124858681
249113243386
249100353081
249128260797
249123160556
249116282391
249116811035
249101937006
249126187004
249115912793
249128916313
249110844250
249116845386
249126131347
249124418661
249117772424
249129827558
249116245532
249116729380
249119230069
249129649526
249118594856
249114026149
249123850643
249125653077
249110169815
249120486651
249112535617
249118381186
249100058031
249124347900
249113853325
249113863756
249123235651
249126864917
249100660326
249114923262
249124241271
249112518154
249116999397
249123675833
249124265464
249113225536
249114419611
249118286226
249117137761
249111350776
249119942921
249129260932
249114042714
249112317449
249119944760
249117152756
249100243469
249111487088
249112448927
249113634012
249125333967
249110287555
249124225492
249127965316
249128020823
249113979453
249123982245
249127325948
249113536462
249121438354
249126175350
249110720531
249125358242
249112630360
249111697568
249129324954
249116646540
249101995301
249120830031
249118155546
249116499433
249124345276
249113837395
249110325775
249120428965
249119710562
249128087512
249113729404
249116074093
249125937383
249117430221
249125731462
249118548930
249116990162
249112935235
249112078027
249124716969
249126848360
249101887194
249122756024
249116152303
249113972130
249124665679
249119527146
249100777646
249116136033
249127583551
249129259565
249117797257
249111952692
249122773401
249119780672
249111513677
249125384453
249124465980
249125597540
249116196167
249125237111
249125313449
249113448747
249114293729
249111526996
249101359123
249114429974
249115017426
249128068874
249129592991
249116192499
249111537664
249117093029
249129473206
249125221747
249124484198
249118721981
249126737421
249116154144
249127866686
249115266909
249118423899
249112759361
249110777663
249122765135
249126660563
249117656852
249127845426
249111052612
249114483709
249102224683
249117541188
249113681330
249113681966
249111167311
249119796253
249122716958
249115031530
249113544730
249124327169
249116149598
249100735564
249111193755
249127910069
249119930505
249114340032
249125146902
249118256248
249127996301
249127054457
249126879402
249127337885
249112497987
249122911369
249120488161
249116214045
249120119891
249122189818
249114818751
249115081733
249112693574
249126640110
249121036467
249119662140
249126510965
249101570660
249111638436
249127821469
249111745017
249125986873
249110165765
249127386137
249112763633
249126132201
249116495048
249116079752
249124811117
249119752301
249124689742
249113874973
249124190635
249113093328
249124437930
249127577539
249119994831
249129477647
249113328353
249110149198
249113681708
249128262252
249123190296
249122328275
249118145224
249114757706
249111360809
249110696037
249124642442
249128065424
249124486872
249125797320
249115026808
249112584497
249100460898
249117874189
249100348872
249128115839
249124189037
249119544502
249111864591
249119998211
249124913435
249113914603
249127687632
249116966265
249125351076
249121967048
249115175703
249115034475
249113278483
249125977185
249129426877
249125317790
249126684284
249125575980
249111484385
249100739216
249118935992
249121926242
249111317516
249126454746
249123140914
249110562434
249123882311
249119760537
249115241936
249119030779
249112688516
249125325300
249123239263
249117519674
249115186718
249125349696
249121167669
249124053906
249122797361
249101830381
249127284231
249126151038
249110760037
249115290636
249101258106
249113124861
249111416045
249118848479
249119161601
249116869850
249113523512
249121919371
249117324324
249122665142
249112169292
249114452187
249126743620
249113814821
249124365133
249120820426
249122744485
249119077525
249117756997
249125323793
249115577029
249117522560
249119986484
249119280246
249110533199
249124436561
249117659837
249101313521
249100011837
249125340704
249111140739
249128217571
249123474152
249125991250
249110865990
249125265261
249128745871
249127749868
249125685360
249100398508
249113130510
249111611669
249113846357
249111976919
249117182409
249113914786
249112152365
249129996375
249115744323
249127014169
249120174483
249127650109
249114329103
249129814621
249128067857
249119815326
249117939790
249128462472
249100771346
249101494125
249112046365
249111093722
249116465843
249127696952
249113592971
249127624379
249113577045
249112624130
249127958593
249126557673
249128984224
249112257039
249114739238
249120947265
249111155922
249113912475
249101312830
249100511562
249118014583
249119484547
249112386551
249114373722
249114184082
249114247721
249114620298
249112384819
249124896881
249124179921
249125780665
249128933534
249119074338
249116499778
249115960217
249100427723
249116822354
249121844771
249115795863
249127382765
249116630795
249115714021
249113788908
249125029718
249117792799
249101336103
249112452917
249117464623
249117981399
249111646834
249118453283
249129252376
249129118303
249115115470
249112482700
249113121340
249124165605
249111217918
249114134872
249113129960
249129712825
249122548160
249121075156
249123698579
249116244929
249129238920
249100971068
249126937251
249115094758
249127641388
249122524705
249127567151
249125761065
249128653556
249114628548
249119524632
249129174803
249116615890
249129241592
249127734086
249118962797
249116237766
249126527941
249112483031
249116625277
249119812046
249129816906
249118548127
249126011287
249114383644
249115025026
249114096266
249121481345
249114466863
249127130449
249122362401
249125746778
249114836512
249113536209
249112414048
249116187143
249127121528
249124068057
249118186672
249117936884
249115544535
249116511542
249124450439
249120878406
249127966081
249100798990
249126139550
249113995063
249125779341
249111476545
249121861367
249119087778
249112511122
249113551761
249120718109
249100131185
249112696041
249112193684
249129078324
249125228715
249111276501
249115996048
249116290755
249112669699
249117592321
249123571939
249118677793
249115029787
249114694419
249125978950
249124691803
249101240015
249119677914
249100913522
249117859803
249122973946
249111977093
249120520237
249110771187
249124347315
249114372497
249101647049
249115557889
249113495290
249114332802
249120798246
249119611864
249112392616
249122537992
249116187656
249119819504
249101259438
249117668800
249121593014
249119447104
249128256068
249119492913
249126761079
249101420864
249120046601
249119080451
249111099108
249112759047
249126042892
249124961755
249119956065
249113820976
249122067131
249124037244
249120029316
249117710099
249111657536
249127957871
249116236856
249111065793
249123832564
249116927535
249113585474
249116487178
249124897721
249119083556
249115233575
249116026789
249124391969
249101853370
249113874442
249101876907
249116780497
249123980578
249112295320
249101234949
249129267642
249122764068
249100217574
249112167296
249110122977
249116358768
249124092366
249121385182
249127989716
249111092886
249116034344
249124181341
249115253038
249112311773
249113769780
249118346294
249117593789
249100168628
249124739428
249101626619
249129986458
249118866437
249117085077
249116463670
249129839260
249116035906
249116184563
249111628901
249126334564
249118460351
249110834916
249112845886
249117677960
249112347756
249119354394
249114280765
249124735451
249129950230
249124691824
249115816704
249112754627
249119065027
249113262811
249100692339
249116534460
249122518518
249116498579
249113675784
249111826596
249125721927
249125793068
249110078780
249116441533
249129475858
249122685289
249121868487
249119915665
249113898905
249119815548
249125940721
249114984562
249118746340
249129431717
249119451104
249114395679
249114740955
249101536533
249116539271
249122389438
249114377106
249114471023
249118115267
249123174801
249119634348
249129479392
249115030561
249115739821
249129628446
249117985766
249112552302
249128124844
249113265629
249115551633
249119241195
249111782810
249101077771
249125094998
249114626770
249122737441
249127399325
249110130010
249129481877
249120098312
249112092145
249116853101
249115291463
249111997618
249112556150
249127653825
249114858155
249114290788
249113334787
249113842597
249125711858
249127597995
249114247922
249127825568
249112011597
249129845784
249111371504
249100993085
249115611243
249117448935
249114534455
249112513410
249110546322
249123642218
249128091396
249114217230
249124035524
249111859208
249124389690
249128734347
249117869092
249115839435
249124416249
249129483008
249113167241
249112450379
249124038661
249117741551
249115235448
249111635994
249114891589
249112332116
249125717405
249123229925
249115151288
249113294686
249114967265
249116588839
249117996697
249122363633
249114561014
249101884045
249125182561
249116463451
249110758001
249121072865
249119465701
249129065479
249118037273
249127750553
249127384196
249123130963
249115870339
249118915712
249118382853
249125757928
249124162233
249117872922
249110772674
249111749721
249116922384
249110894802
249129036288
249116968022
249129849725
249114381269
249100214906
249114451498
249110216973
249117884326
249114726838
249116939161
249126545475
249112547524
249120850995
249117826540
249129436063
249110545327
249116887745
249113739841
249101010509
249113125333
249114567753
249115762679
249115522203
249101966038
249115841317
249112415385
249115247493
249118698441
249113339333
249123584919
249111068537
249127754804
249125728947
249115177105
249113841620
249114511163
249119674812
249112246633
249101887738
249115280781
249114650883
249117670356
249124067500
249121655273
249118439507
249122264200
249111863039
249121295308
249121753084
249124348270
249111742980
249124615937
249124292470
249116111469
249125171137
249129625528
249111558644
249111276983
249115784884
249111836474
249123972663
249116491538
249113516329
249118857203
249116352039
249118578025
249119058998
249113534628
249123863545
249101874821
249126969732
249117827700
249127528625
249117665922
249116396813
249123150452
249100055387
249112047769
249101667810
249112295347
249117811726
249125794399
249119154388
249112445666
249112094487
249112410466
249114314583
249128377598
249116182812
249119461569
249116385294
249121924507
249128158091
249113817784
249114575249
249119425720
249110537239
249128124576
249129389701
249110550061
249121095242
249118689041
249125859098
249128945950
249116944285
249112593643
249118489709
249115758189
249112611890
249124455286
249128587446
249123255763
249111810232
249113094457
249100386590
249101319123
249121213468
249122934205
249111840652
249115080407
249118114090
249117667123
249100776738
249113434033
249116295836
249129011899
249129610313
249122371725
249101371069
249125813756
249119790373
249129850849
249119786645
249121929498
249115224981
249117464936
249101379325
249100255645
249124145335
249128959658
249112498861
249115943660
249124930530
249116853127
249110367513
249125947514
249111985729
249115019114
249118933625
249113835174
249118922556
249117498529
249129994067
249100368262
249119786800
249115942442
249117247091
249113398776
249119233741
249111074150
249127273892
249128871905
249119189626
249127874883
249122074416
249122794149
249114516495
249118973047
249111385966
249119192887
249114378998
249122938153
249125334908
249114470984
249101071593
249122175605
249113253938
249117740897
249115263534
249117960896
249115188191
249101331099
249120087555
249117151321
249111277009
249114823808
249119953644
249112744146
249111251245
249101082662
249100963618
249121947001
249113151390
249112424031
249126255991
249112472083
249120080851
249127733486
249119223998
249115543166
249126214867
249114774500
249128675112
249111470267
249114112001
249100877686
249122939822
249114684219
249110728113
249112473249
249125946146
249127949342
249115031493
249124623480
249124655005
249118454642
249119011922
249115612692
249127973162
249119034588
249124312131
249114662958
249110362320
249119796747
249114658781
249123945275
249116210383
249115267629
249127040367
249116547843
249129572706
249119124176
249101325575
249125952348
249113981993
249124764639
249118341627
249111642637
249115530876
249129539472
249113753111
249118766544
249111682674
249124487819
249114048698
249100753858
249120542858
249127175717
249121961801
249129824399
249127556290
249119725661
249119713981
249110315539
249114366773
249100143725
249114214157
249117810695
249111663040
249125619597
249111263669
249115344427
249129432898
249122885303
249112055928
249113919278
249128965782
249114883462
249117660906
249122678782
249112931232
249111010976
249127431036
249115624251
249112217687
249115754897
249112960079
249112190956
249118870752
249100410981
249114566037
249129664104
249113133118
249127698043
249121621498
249117839075
249127670447
249117392276
249125228210
249119468775
249113937900
249123470374
249114312072
249129451283
249129477662
249115873143
249119255595
249128680459
249115815746
249118273298
249100220062
249112171845
249128091267
249100667927
249113788131
249117097334
249114888167
249129537319
249125910956
249116921756
249117589254
249115093667
249119059006
249125990801
249128914073
249123688840
249127057445
249129054425
249111322087
249127549930
249125462486
249117165170
249116236457
249113565653
249117647959
249119713781
249101338633
249100140989
249114271895
249119897127
249121464884
249116636269
249101298762
249124632999
249111656407
249117125908
249117785250
249116586911
249124647787
249126814265
249118782000
249116417101
249112179790
249115219207
249125266527
249117710318
249123094895
249101842004
249124898274
249117554449
249122182504
249112972493
249129445001
249119656738
249115019705
249101883531
249101099172
249129675070
249101359240
249112225357
249119926700
249119990155
249122784252
249124741944
249114024977
249115197390
249113460036
249113746440
249118472856
249101352147
249119895014
249125341736
249129838955
249119594909
249113685929
249119730261
249116983562
249114052176
249111049016
249128089440
249114421912
249126856317
249124825816
249101623567
249110352437
249112428341
249117042908
249119899448
249119473499
249121989016
249118729598
249124424084
249111730323
249124247837
249112212219
249116165677
249123797033
249115067051
249126172323
249112359348
249113364741
249128411563
249113731782
249114498050
249119544076
249126831092
249111025897
249117996718
249113349989
249129493268
249124183083
249121287766
249110392111
249118667500
249118573854
249117916108
249129259950
249129225043
249118118302
249116176826
249119011390
249124143007
249128421304
249118961092
249113683464
249126488143
249121999302
249129063347
249111148461
249122794367
249115922669
249101961414
249111214228
249113573431
249119442600
249128989082
249118048317
249101825741
249114559468
249115284381
249117283676
249101649979
249126042737
249110256725
249127680676
249128868011
249112690159
249116380176
249127464582
249118442094
249111531755
249121218734
249120459082
249116818018
249110885783
249112395881
249115779516
249119954179
249100267073
249115377889
249116918041
249125695251
249113434760
249126875554
249111633590
249117577645
249122820167
249124877452
249113917629
249121945311
249128873170
249128452071
249128815715
249122152508
249111676888
249113744910
249125945427
249101943694
249119989990
249110756545
249129825483
249113447445
249112415108
249121535995
249111130908
249116475973
249114348434
249122683677
249126676229
249113349450
249113363636
249126036577
249101962133
249124172368
249127599064
249113190334
249126714442
249114434509
249119068484
249127971067
249117775212
249126471469
249118654300
249128998991
249119625635
249101391790
249120411159
249129577634
249121847582
249115082314
249101560111
249112762940
249128217502
249111621895
249100125691
249114759779
249114128142
249119663814
249100832606
249119873800
249114828030
249115198260
249119748464
249125391689
249111663489
249113748573
249115179916
249113528347
249124448504
249128682494
249129598735
249128523163
249126224578
249111640021
249114132796
249129795910
249115112635
249126644012
249111760202
249122685190
249100358998
249100019762
249115756707
249118355583
249101435612
249114743849
249121982345
249129232638
249114792813
249117438144
249111843243
249120472185
249121158345
249127988364
249118095898
249124294112
249124663008
249100937518
249113814584
249114322337
249117832608
249126117244
249125336072
249118138655
249111291673
249113128403
249124272356
249113961695
249117498100
249125291358
249117328224
249129851665
249117378358
249118419861
249120426914
249121213691
249101358645
249118042535
249113677432
249119478814
249113877530
249115681112
249113933368
249111855383
249124913983
249112148746
249117255068
249115793178
249125723855
249125511089
249126451777
249101389925
249126058536
249124317410
249111874869
249127957063
249114952863
249117651366
249122799136
249110175425
249124858645
249114670299
249115071677
249100785054
249125940710
249112769528
249110370982
249129629103
249123913569
249125980372
249110370598
249117754769
249125224331
249116286148
249110067790
249129059790
249112110825
249115873603
249112034672
249128677220
249117312345
249102260719
249119086347
249121859623
249119994963
249111945622
249120914395
249116040715
249125759955
249123892940
249118353839
249117911046
249115044423
249124324152
249117183628
249115086359
249113431228
249115314788
249116448374
249128999222
249112174256
249114541413
249120898274
249112175031
249114827750
249114938423
249100882435
249114972990
249101559608
249127344871
249112435129
249115937108
249113293080
249111110247
249128849948
249123164310
249125283764
249127193592
249122769901
249125976122
249101880360
249129440291
249113813292
249113417207
249127098318
249117324568
249126247175
249125373296
249115742868
249115997295
249127879699
249120465239
249115324180
249125387968
249114497369
249124043213
249112937343
249115626917
249117790151
249128535593
249119750766
249124093670
249113275084
249121632517
249116463562
249125341246
249111334273
249125998247
249113058911
249101570917
249121592427
249127594829
249119171066
249125999650
249114363045
249128045620
249128021217
249100325062
249115752483
249123288764
249116257595
249117511635
249115180923
249119752243
249118874088
249122133023
249116879642
249127936381
249119478198
249113419944
249118347372
249124616130
249129788088
249123630487
249124586376
249119021789
249119667893
249113990644
249124859857
249115924592
249100315648
249111225889
249119626357
249128032673
249118799770
249124248491
249112723764
249112623930
249127837404
249110689224
249116061136
249100370277
249119969191
249118832358
249117725269
249111824403
249114220680
249112250865
249119155481
249113213778
249101836423
249118797830
249126613089
249111691099
249128553277
249110595834
249117541250
249127796980
249113216766
249129265302
249114313132
249124048984
249112296233
249114384262
249117589583
249116340375
249129580022
249117184794
249113341232
249115577037
249111933419
249100265742
249112088496
249114838600
249116734478
249123953018
249113812512
249123422758
249117555317
249123834216
249127050000
249114319301
249116539958
249115997465
249114457595
249123943321
249112531031
249113346295
249114686459
249129655495
249118018460
249124338124
249115154579
249115176640
249116147275
249111712386
249113837109
249115062873
249100731834
249123515006
249119812471
249129037627
249113873022
249127673060
249112166038
249110892486
249114140810
249114185336
249115122309
249113478560
249114364498
249113623419
249118254120
249112420920
249122640332
249111811627
249129729782
249100966482
249129583504
249114751446
249100283007
249114466148
249126042752
249116180714
249128584336
249125513227
249126851717
249126943731
249128322019
249128514614
249101590046
249112514544
249101641322
249117885821
249119273968
249125238108
249117024322
249115893982
249111641846
249122777254
249125268304
249113628192
249124879493
249117150175
249125734102
249112998247
249126416646
249112314549
249121565773
249117222691
249127314665
249118351633
249113479251
249121527594
249114894872
249119928937
249129764069
249100546627
249125061029
249122952771
249114699256
249112338185
249123910252
249111614378
249113297321
249113046088
249116576401
249119168709
249112393880
249117426518
249111499136
249126779345
249112697381
249115237445
249126252890
249112266485
249127974839
249117320908
249101584387
249121697956
249126171016
249129663119
249124276387
249113560288
249124140209
249115865112
249122529338
249115044955
249110321656
249113236711
249117793477
249118426059
249117595195
249127940885
249110091483
249129743419
249119073787
249114353885
249124328806
249110210503
249110711653
249116885815
249116564209
249114328922
249115041047
249120826034
249122580131
249119553285
249126788840
249124075705
249112630379
249101044117
249116326210
249101530491
249114566354
249100691556
249129253571
249129520651
249100312035
249116944092
249124876070
249126651620
249121161517
249101918139
249101886338
249111299254
249112445347
249113634617
249125351986
249119512019
249120196822
249128682078
249119612800
249110623694
249116887765
249129894241
249116480455
249125747216
249111982764
249113515889
249113310166
249124651194
249122729242
249112643102
249120116525
249112028021
249113568979
249118049243
249110181056
249112190751
249124785480
249111197553
249126040405
249100212642
249116489441
249119083808
249121086927
249110072751
249122725704
249129254941
249126422337
249118874326
249124232814
249110892897
249110513373
249115737069
249124765480
249123680844
249125329599
249116129438
249117562703
249126720230
249111833771
249121892026
249111452477
249119581718
249110279372
249112457337
249117620417
249115492750
249119465128
249114834237
249118048675
249117412154
249113770391
249127616864
249115184003
249100148309
249114240478
249127165897
249119081548
249112442365
249126529905
249113224942
249129384246
249117035017
249113419420
249113550007
249112441154
249124238815
249117222154
249117553717
249113521165
249118078482
249116221175
249112553002
249120473632
249101884242
249124181403
249126851089
249116975361
249112196788
249114967642
249120465956
249125778277
249119587114
249113993127
249115927894
249112729811
249111290861
249128228371
249118444332
249125715632
249117015445
249124712326
249121121306
249101910531
249128726111
249101578246
249111977178
249116436431
249113833006
249111866267
249110814541
249117569425
249111616847
249113278599
249126187827
249116157096
249113794200
249116355138
249101834503
249112370208
249117291271
249127236002
249116185382
249126855051
249100254220
249126059753
249101694442
249111444986
249117532443
249114517134
249115938906
249125315531
249124046708
249126612618
249113833430
249115731140
249116121273
249118881799
249124437805
249119591714
249127087553
249127214833
249122626310
249114776781
249124218912
249126262106
249128541723
249118760506
249123720124
249115064127
249114385219
249113964220
249121434065
249120091863
249122936683
249118141397
249113784629
249111068711
249121941972
249127748044
249128097593
249119161470
249100356478
249121726220
249116117142
249112749895
249125738882
249122278624
249114637214
249119381393
249111475801
249101814256
249114487348
249124180652
249114250348
249123227158
249116563001
249101862758
249128057818
249116447114
249100874833
249121853002
249116929997
249113582835
249111857697
249112479075
249101867791
249118075355
249113824525
249127670998
249119494724
249129523222
249128670268
249127716506
249114522620
249118960127
249100475408
249125223982
249119861992
249129727240
249118777397
249115216376
249119257963
249116086766
249112428117
249115061051
249119930841
249112374186
249129237964
249118251761
249118131126
249115759696
249120031271
249123990277
249127029927
249124646849
249123091743
249121956817
249111466741
249111283256
249124127561
249111299876
249114110835
249118345529
249126068984
249124812783
249113093182
249115935783
249119030767
249112745348
249110557610
249115031368
249112135541
249113491257
249101376327
249111674291
249101527739
249114419823
249112327435
249127133090
249114468232
249119558852
249114031829
249101020938
249112684364
249101830821
249126995395
249126981766
249126522972
249119641919
249124657457
249101078901
249101847658
249116427329
249121420207
249114981400
249117543881
249126928579
249115976328
249125710037
249117219081
249100323668
249121151918
249117813944
249125270920
249113671912
249124457594
249117985821
249117223578
249121232548
249115248288
249121537911
249110746517
249113382580
249119411970
249119513808
249121747396
249124549840
249111395806
249122516279
249116199358
249124747006
249121670029
249127889797
249124998790
249116257123
249125523473
249111072263
249113187480
249118944579
249113840960
249117724614
249123099209
249124288282
249120450131
249119543252
249113315366
249118159902
249126724218
249124023031
249125634286
249112446577
249114184485
249114593694
249112451727
249117269337
249120040787
249101329989
249128452831
249123975958
249124312500
249113767645
249129548841
249125739297
249124045279
249121968073
249128242904
249121680245
249114010075
249115036716
249111157422
249129895639
249113231260
249127229295
249129947131
249116339383
249122283093
249119614059
249120816961
249121875967
249125518403
249117120567
249114672018
249116936993
249125312183
249123632717
249111128953
249118752840
249129672778
249114615504
249128116882
249100383767
249126882519
249124090139
249129256822
249117498571
249118988227
249116155093
249113739434
249116444824
249121553583
249112471378
249112711016
249116880443
249118352043
249113818173
249117979127
249122915348
249119144417
249127249431
249119714530
249113581351
249127272359
249112957487
249112199543
249101080977
249113731430
249112630850
249124988739
249116472133
249125668096
249119764109
249119712939
249129649194
249128936244
249113757366
249116180180
249121685512
249115353154
249122996418
249124451505
249115925654
249113811228
249128129928
249120415387
249129726195
249125850932
249113811779
249120443619
249123113011
249115214456
249111966056
249126631896
249118990062
249118987843
249100420629
249118578291
249117256325
249127697686
249117866540
249126059854
249114564717
249111648594
249122746894
249100449699
249127446091
249122749359
249121064044
249114991162
249115067417
249118181311
249124364310
249116423074
249120123176
249121986392
249100176863
249110962499
249113892960
249118939408
249115077372
249112112303
249119462192
249121443137
249114215532
249119820253
249116764268
249110387014
249113671129
249114619768
249114354951
249112787283
249117482810
249129344647
249112387522
249119798079
249114497483
249116480920
249112140076
249118452553
249125242190
249113740148
249113693286
249112367126
249125960085
249113712703
249126932440
249117512433
249122776677
249126860740
249124648985
249110193201
249100759977
249119057847
249112447811
249125637060
249121656706
249112087710
249115846210
249117371072
249123659693
249119390869
249124637338
249116098750
249116442659
249124958155
249112595443
249119810232
249124116391
249112623897
249110132704
249100430007
249124358860
249116447907
249116160955
249110754741
249113922829
249118153482
249112034074
249101913177
249112718591
249112091280
249115354999
249114529132
249116238372
249118377451
249118438443
249116445936
249110034658
249110383474
249110029431
249117749426
249118313941
249124943739
249129499884
249121932142
249113796113
249124728952
249116026041
249110393529
249127560188
249100582913
249112626398
249119836842
249124264431
249110176903
249117527612
249126574270
249127634580
249115751481
249124152416
249124863951
249111220179
249118062565
249125392743
249124414988
249128585152
249101874027
249116246507
249119646384
249117812419
249129267135
249123655174
249110656272
249115765223
249124970458
249119651776
249113674593
249114148173
249113767386
249116157583
249121347293
249114359458
249127728605
249126250098
249110376914
249116855440
249119876352
249116476635
249123650949
249117090855
249117096277
249113590873
249120368923
249122063800
249100665187
249115719851
249117976753
249112113480
249112512833
249129570962
249100887742
249119151968
249127922190
249117319428
249112493350
249123755060
249115753959
249119437324
249126090353
249114599781
249112027837
249100189510
249112167391
249122232301
249117498096
249116826292
249124675704
249127053217
249115265622
249124772462
249114341953
249121963759
249112335184
249125871871
249125945364
249116434670
249116578781
249112472212
249128682925
249113185080
249114117696
249111382269
249115880730
249119551741
249117062325
249114691821
249111493953
249129523071
249128250427
249129382030
249114111152
249112858886
249110074540
249113584799
249116743957
249117118867
249118389118
249129637611
249119095995
249114739330
249116785294
249117825032
249115581571
249113543550
249116896452
249117954988
249127151136
249110382680
249101969778
249116128755
249113638113
249100518635
249123297912
249117727283
249117035973
249110777632
249122240767
249114891790
249129853043
249119748424
249127393747
249100289297
249119789107
249101543852
249122375737
249110978869
249127330314
249119795568
249129733032
249126021622
249113676009
249110787172
249113245889
249125353531
249117321353
249112261301
249116219032
249113347584
249119139800
249122276827
249115049783
249118641960
249129312337
249128732653
249115268900
249125392749
249119568841
249124241224
249110323224
249100638012
249129535712
249124644413
249116053811
249113110306
249115763446
249127216098
249116278425
249114399215
249127620818
249118233217
249124972918
249129248197
249125739837
249122857494
249114534265
249119510384
249120819112
249129830561
249119531670
249111268247
249121138673
249111478356
249125683608
249114690367
249117155770
249117639280
249120037014
249122332599
249122371833
249112447075
249124287272
249129018465
249101349209
249125551726
249113741724
249115823699
249119425497
249101288450
249121848217
249124016579
249100471697
249124230952
249116920018
249115295109
249119235055
249101856225
249129896909
249101339426
249127397847
249127153485
249128029486
249114413418
249112688868
249124149756
249119079745
249111042344
249117138904
249118946994
249110775253
249116467840
249117787388
249113539470
249112323049
249125346028
249112430865
249110357659
249114620319
249125979151
249129451438
249110287830
249118183331
249113936880
249115258368
249125355378
249126124346
249124763010
249116817588
249117042839
249118457031
249114618272
249114317594
249114684768
249121488284
249120341436
249116390039
249124517542
249121397272
249125569111
249118032112
249111291041
249121144821
249125581001
249115538797
249123945780
249121845136
249125948628
249117520844
249121399732
249117675947
249126655517
249124670600
249118750099
249118338991
249114879556
249110130153
249111916245
249124923449
249111463941
249116352315
249117179532
249113713955
249127032292
249112360236
249101332063
249129284251
249125536364
249127839769
249112577485
249101392585
249101827543
249124264519
249125121710
249119272665
249129211374
249117268184
249119431425
249121973750
249128867221
249113151387
249115993590
249125732401
249114567192
249118484821
249113526578
249124050047
249121994834
249128634457
249113993366
249112179078
249115843084
249112527605
249121912902
249115816398
249114277482
249110192455
249125911519
249113358366
249115559477
249112348845
249116254266
249100974190
249121224616
249129418255
249116318851
249116582233
249112761766
249120914203
249114770286
249118439469
249119149965
249129431979
249124968540
249117869525
249114812633
249119812332
249101834830
249125735513
249117562395
249116890234
249114599907
249110261143
249128821861
249128464141
249126167302
249113239360
249112278697
249114787832
249112323876
249111624349
249124589346
249112325756
249101947079
249101869996
249128260398
249111133933
249127347229
249117567750
249117162275
249113975547
249121655290
249120046047
249121537512
249124214878
249115731645
249113621605
249115477510
249124237964
249114753058
249128968303
249110213781
249119788517
249113519398
249114018251
249115749348
249114470711
249112629351
249116673790
249124984607
249125661123
249112375216
249124064700
249122715883
249112351532
249113668458
249127140164
249114351040
249114137568
249101533354
249123682127
249116750033
249114462809
249127158395
249117055953
249127723137
249118956319
249101857676
249118515159
249114169938
249122794804
249119140055
249125948084
249111331668
249125659773
249112161591
249117345643
249126559515
249101032625
249126868338
249113567755
249114525313
249115238133
249125795624
249120076458
249100864887
249122559929
249119054347
249125737081
249113863577
249116495198
249111436828
249112545395
249124977091
249122938488
249116596879
249113465096
249111647216
249115779544
249111477165
249116326643
249112338106
249110168197
249110763535
249121691948
249125630068
249112431590
249129650819
249129495769
249128596669
249101620032
249112462325
249127699593
249112087988
249116892611
249114263154
249101568732
249113062558
249116149692
249117184881
249112643459
249113418284
249114525912
249111319270
249122295743
249101812475
249115719669
249118327974
249120745130
249120826033
249125056290
249123750756
249119467078
249116164380
249113743059
249124046099
249121162527
249124355283
249117950996
249124911902
249115790920
249119634615
249101383391
249114541409
249112327315
249111124267
249124168124
249117133805
249129786457
249128765631
249116386131
249111494420
249100172333
249110370232
249120937065
249115060553
249101862250
249124915766
249101065557
249114611121
249112720213
249121225206
249124178652
249118453511
249125372828
249113262474
249111326889
249126194687
249129317657
249118768379
249110047646
249123552429
249124267840
249115713861
249110532302
249114896226
249124031251
249110310930
249116488039
249116482988
249124367030
249127267020
249100159519
249113828134
249128841649
249122345513
249124139127
249114358223
249110351786
249117566246
249119938645
249119814933
249126240503
249115147993
249123616683
249111284884
249113175392
249112737192
249124361691
249129683313
249101889123
249114116498
249124437463
249129676300
249126163501
249101396373
249122553713
249117722641
249127450788
249125129506
249116461549
249123991293
249128862830
249125522848
249119358356
249113814441
249114083473
249127018256
249124691956
249125869543
249110024270
249125960105
249101835773
249126649769
249112396414
249119815165
249114790181
249126120756
249124724032
249118881385
249128246214
249125331378
249115573998
249116151771
249117783194
249122727080
249112199182
249100423771
249115524753
249101994943
249115773122
249117254444
249128064858
249129321101
249120983536
249121923164
249112156942
249128486680
249129679006
249129436700
249116749013
249119841742
249120877424
249114689968
249127242773
249127933189
249118245578
249118771128
249122553540
249112494375
249119478542
249112063418
249100218818
249113072760
249114851930
249129223246
249123332732
249116361085
249115065662
249125610820
249100924954
249110085205
249100788040
249123427167
249100394174
249126320656
249111112059
249124656999
249119877585
249129899362
249118995993
249112176667
249114927764
249119169135
249129598890
249116282463
249110827863
249113948624
249118727449
249122634253
249117412836
249127840300
249111475023
249118098466
249118049450
249128524323
249111441414
249128656898
249118179675
249115085061
249113778283
249118777022
249126534135
249117639481
249119078693
249117616324
249114626052
249125592386
249124677823
249115933142
249119120179
249128463126
249118354222
249113155818
249100922346
249119726811
249110522244
249114752523
249129949049
249117450563
249100961078
249127335814
249125065741
249113036076
249101979056
249119349003
249127582801
249101881073
249116864053
249126151436
249113688237
249119121617
249127046389
249113669745
249129248266
249111745751
249113844717
249111048476
249125758543
249110530289
249111494443
249116758942
249116876115
249116292761
249129577740
249114695727
249118423322
249119747679
249111963702
249115015015
249128620957
249115472830
249112346519
249117885552
249113351717
249129555410
249128985726
249129822286
249129674178
249116187344
249116095592
249115348500
249100343564
249113232015
249115677690
249129296038
249115718915
249128418510
249126741948
249117183266
249127760175
249101559182
249114788536
249113328338
249115995746
249112177697
249125557856
249112682542
249111936542
249113162157
249118776687
249126482210
249116810820
249119656914
249125715414
249112581392
249115955624
249115722798
249124516339
249100912121
249125340394
249111583107
249127040326
249126731105
249124658018
249101884867
249124643042
249114485539
249118027996
249111627260
249113794498
249129211807
249123119029
249117818856
249100916905
249126691218
249100999572
249112577882
249121883836
249123769260
249113634666
249111614605
249121765158
249118618605
249119173917
249118192156
249119813625
249129828217
249125954352
249113623637
249125315703
249119176023
249121627853
249125991862
249113310834
249124436123
249121425817
249118370441
249101394976
249114363632
249113580704
249124664634
249114510949
249122092004
249111452667
249113467550
249123049782
249115011157
249115144622
249116594148
249127984820
249114280665
249111140098
249113352052
249113798867
249115324770
249101397097
249119792468
249111945901
249119469822
249123958332
249112735557
249119765336
249119830013
249114893453
249114418085
249121456370
249129714899
249113538159
249112066565
249117486084
249112449434
249124188574
249116256175
249118167334
249125964299
249119459020
249113545339
249115248047
249117163385
249111930018
249122661752
249119422218
249100611246
249117788115
249101813154
249112132618
249113838835
249116547736
249121223156
249126785354
249111187126
249112436023
249129754461
249100972563
249119992519
249115791890
249125316430
249117231093
249116789807
249128822575
249111084052
249115566945
249100162022
249111671965
249128036389
249118468249
249114349498
249112739988
249113923545
249120068626
249114169884
249124866489
249119961652
249128424748
249117196543
249114328753
249124064735
249116185004
249115757131
249128039485
249114375431
249110334091
249129539977
249129897597
249114314438
249114399371
249127085021
249121684590
249117220034
249126253200
249114197922
249101667427
249122880694
249127267874
249118682260
249112270117
249114694748
249127648967
249111395625
249121327969
249118576602
249119191124
249129939340
249119618674
249127368731
249118324042
249101052627
249115930755
249112185952
249124227653
249124060429
249128075752
249127732587
249124668592
249115743293
249118879355
249113758790
249117359978
249118372332
249116854908
249116450007
249112664690
249129732771
249127290340
249129740866
249125867356
249113297578
249124613765
249112381077
249118054022
249112397322
249128993336
249129282271
249113095654
249122571138
249128071470
249117751934
249123912648
249124181188
249118048818
249113338117
249121341351
249119564197
249122761229
249122929450
249110097616
249110380242
249110551751
249129589612
249114948402
249127586102
249119078538
249122296934
249101468771
249129254232
249129768062
249110849342
249115934349
249115720655
249124097436
249112433539
249125356874
249111257733
249111621136
249126468769
249115277598
249129287502
249116045887
249124193259
249111358419
249112485117
249127596145
249126195602
249100997801
249100168438
249129750038
249121135142
249121285702
249110112118
249117967118
249128874490
249111548022
249118556122
249114517641
249117732325
249116650439
249127916892
249124010839
249101647811
249118314040
249111074114
249121423695
249114182404
249124022868
249119737865
249118891251
249125721105
249126035476
249122697366
249117252204
249117442738
249127825271
249129829544
249116217962
249118373327
249101485011
249124177964
249129079978
249113765895
249124017542
249123921177
249112047404
249126214092
249100991013
249112161727
249111389379
249122734326
249113399317
249101299077
249113267645
249119424601
249126769544
249101312779
249114324710
249120844834
249112315638
249128357576
249100136347
249118366717
249113930142
249122987037
249128667494
249128347065
249116695681
249127461386
249116938297
249115981591
249127628859
249127835138
249125735305
249116852072
249125210973
249113980526
249100164207
249114249559
249125970887
249113764103
249114312400
249121170811
249120440702
249124767046
249125941703
249124637334
249112434591
249119617143
249129646657
249116484733
249126723348
249113583364
249125572871
249125189245
249112527890
249122272545
249129268282
249111228013
249129764125
249114174003
249121684456
249115150579
249120825192
249127693878
249117081928
249110380753
249117340076
249112058554
249101620885
249125215530
249111690958
249126765710
249126985341
249126251074
249127011482
249115195223
249126252492
249129858914
249111322578
249113170280
249129954888
249101870563
249114390478
249126664035
249123975728
249128923385
249114564347
249123687653
249111627910
249124696523
249119035963
249128998393
249118223787
249124467299
249128332029
249114229770
249112387479
249127498558
249116736470
249125771443
249113317342
249129680328
249124438617
249124298875
249128383877
249128236811
249125926883
249110784249
249129994472
249114642447
249114655531
249119883103
249119918278
249113816929
249118374300
249115445334
249122172026
249119584493
249127067719
249113840462
249112054280
249100414771
249121256769
249118184377
249124145265
249125017915
249125780907
249116992920
249116081416
249114515154
249124627799
249112486326
249129138496
249113563641
249113688321
249115118728
249128159629
249113077975
249114933798
249100940886
249128616203
249121848470
249112994567
249112778489
249116462568
249101820667
249114257851
249128860118
249128815778
249112644829
249129331174
249100239719
249110389851
249125236474
249116763771
249100957151
249123925347
249115289311
249115779307
249123957890
249129715108
249114729338
249114596280
249119661390
249122755472
249119898991
249101553749
249112574755
249113819038
249119244277
249116225361
249116032872
249100975687
249113013342
249118849914
249110161477
249114823009
249127494006
249115428481
249118410202
249117452142
249122230946
249110057809
249117299652
249101359528
249110821113
249114491083
249129212767
249128019212
249124347762
249115557022
249119357656
249129770892
249118029479
249115789921
249128340764
249112437497
249124987125
249116462933
249116495298
249115391655
249112617353
249118767554
249114939959
249121313892
249116453882
249100964971
249119910908
249115752084
249117140839
249129775172
249121937000
249129980907
249128117830
249110175420
249127852225
249119883814
249126558051
249129321686
249118853418
249101589466
249121467940
249128750007
249126115957
249121941820
249124289975
249116125024
249124034519
249114076807
249112026454
249123939908
249115587560
249124169603
249101431245
249127053821
249116998476
249115351513
249117596858
249119491161
249119877844
249118473762
249127749358
249101311438
249129335235
249126866171
249111594760
249115017455
249124989651
249117594681
249129628656
249124620798
249121813915
249127975642
249121973183
249112569211
249129785162
249124069830
249112686041
249119553779
249101368038
249127852409
249116413341
249114284606
249128940923
249110559055
249110717295
249116338693
249111321054
249122550508
249116139878
249115576844
249124488051
249129448747
249125412476
249129750083
249115119098
249117563544
249122395330
249113166817
249112097755
249126162531
249116865655
249100230650
249115597935
249118098195
249101877775
249116131748
249113333028
249121162825
249118131751
249119677557
249122314588
249110320341
249114629741
249129265893
249127627672
249118386125
249116678910
249117752923
249118440604
249115379775
249112459164
249114534955
249110357729
249124195581
249114820923
249118759603
249117640152
249119660928
249118472211
249111496920
249119438915
249113750887
249119990354
249113249928
249118888842
249115164376
249117732309
249100996152
249112670347
249112136505
249124185961
249123952916
249129576077
249129664637
249111267006
249111981855
249114572786
249128822122
249124432802
249112636573
249116056381
249117247288
249121214985
249117621685
249111413614
249129731090
249115784017
249110879061
249127823245
249119518933
249125169624
249114138355
249114436269
249129610113
249101248131
249120398893
249126842884
249110596958
249101911397
249100180944
249116775140
249116179507
249112365220
249111294917
249129378979
249112314698
249125763419
249128630855
249119387673
249129676239
249124248476
249121922993
249125694373
249113862938
249123127265
249119815828
249129775968
249119589339
249113066536
249119768763
249127961505
249125147345
249114234019
249117320692
249115926487
249129595827
249114129660
249111415134
249124647608
249114513891
249110326848
249117663737
249119144511
249100377535
249100318610
249100399381
249110166808
249112782756
249112410023
249113070993
249113698962
249125315160
249126291546
249129294184
249122614821
249124358775
249112490053
249126671582
249118629720
249127652824
249112332323
249128136758
249118847761
249100987688
249123464274
249123636848
249124980322
249113671247
249127533100
249128566385
249115382723
249112418617
249111473570
249129081395
249113212447
249129467597
249121353123
249117750206
249112313450
249118760100
249113953228
249125799993
249129436692
249101338210
249101520932
249101486105
249114249037
249113528070
249123089116
249114289414
249117289075
249127771943
249126038837
249117555137
249112210564
249111050336
249123519814
249111754224
249100189152
249115228789
249115140002
249114319817
249119626520
249114441064
249127395814
249117520549
249121683057
249127578705
249126995687
249100626471
249113622993
249124645671
249114038682
249114118096
249112372818
249124324610
249127119193
249129817872
249100597871
249119830582
249125560590
249128029808
249112179166
249112550664
249110319494
249115761662
249112149267
249115357154
249115026912
249127982171
249115677041
249126016953
249111159466
249118796593
249124137275
249126686065
249113079011
249128260939
249129634352
249113254042
249127595271
249119972818
249121829320
249112021899
249119473136
249126275244
249122741011
249125271564
249119829583
249129311553
249112937238
249121233757
249126218501
249127171228
249127389826
249112451278
249126552867
249117593641
249125334206
249110183376
249115097829
249101983270
249119577230
249128565524
249120568605
249116095131
249112553788
249119739730
249126789689
249114449700
249114811703
249100785167
249115752022
249117555708
249115274197
249125578390
249129323184
249127144684
249112367310
249115540200
249125175339
249101535145
249110614449
249110050379
249122794456
249129274639
249101873723
249118473521
249126146298
249119542756
249114289823
249119433870
249114313558
249127836064
249124259452
249124946926
249111211537
249101875860
249126882782
249128659646
249125614579
249115293270
249114328075
249111326666
249122113201
249115063682
249115751062
249118442520
249126074291
249113480936
249111010157
249110893287
249113522331
249101529482
249127916122
249101623536
249110334801
249112078053
249116458611
249123960219
249113124938
249114190653
249101543896
249113898483
249110314093
249119270072
249112938174
249118074426
249124317938
249118729716
249112747722
249123982467
249115075830
249117743713
249101312278
249116876382
249113731043
249123810938
249119442944
249113348150
249113320163
249125159088
249127816638
249110676272
249113832090
249111019117
249115862381
249115667510
249113825687
249100083878
249117217032
249112597049
249122741258
249114644613
249124619701
249100227450
249124421909
249100697207
249111476267
249110732602
249113619031
249120173183
249112754951
249121773012
249115126975
249125025690
249117415736
249101848820
249119110486
249116417629
249119482232
249128644493
249125755877
249128799414
249112095434
249116959856
249110078566
249112796121
249112365453
249119044842
249116480362
249117398515
249114315168
249112111261
249129216156
249112567979
249123084472
249128355747
249114699120
249101378552
249124231661
249120095872
249113865654
249112392799
249101836047
249127323185
249126638096
249116520993
249115317129
249113637359
249101336641
249124229488
249127420554
249101899362
249123997270
249126428033
249111592571
249124720469
249113595774
249117977861
249112584560
249100926793
249121439750
249123654769
249118341647
249127829797
249114592808
249117556033
249110710512
249112424226
249129722674
249119848186
249124678132
249101343659
249128620461
249126723822
249113289702
249115786773
249101552116
249112128500
249124741863
249111930292
249117574771
249113467270
249124647584
249113747518
249124188673
249112475114
249124160487
249111661024
249113183396
249113142405
249111410350
249113128726
249110729626
249119172899
249114346266
249114887582
249110768513
249100462912
249113591706
249126573914
249125917449
249116813014
249123838402
249112679314
249114372006
249127252012
249112538331
249120263424
249128083003
249116038383
249122776378
249120411425
249114673369
249119497053
249116968856
249112045781
249119743161
249129916486
249111829743
249123624838
249122249645
249128949703
249115272864
249113363179
249113544140
249124574882
249126634368
249116436547
249115298478
249100169143
249114534327
249115452948
249114670674
249113875965
249116120069
249112328517
249110530124
249124663428
249128457439
249112133128
249115284391
249124682187
249118063849
249113698187
249129544721
249115946942
249113927067
249114698013
249119435183
249124843291
249101361944
249125953799
249118468615
249119399451
249112550684
249112547857
249112337971
249101852137
249120769394
249110194369
249115711647
249125239922
249125757049
249101821419
249126879743
249101835768
249129557114
249112118220
249127369324
249121943234
249111263599
249110743282
249125254399
249100913493
249112771239
249115361020
249111977224
249100758447
249119985368
249120448721
249120487872
249116760000
249121213498
249101869308
249125167555
249112430261
249113122349
249119983698
249127961308
249114715341
249125150946
249112416171
249121897677
249113834449
249100826512
249129885672
249113424045
249111175392
249114323805
249127533261
249110183407
249116547839
249113681646
249114118639
249129436722
249114135044
249110526959
249127640814
249110097660
249129091780
249114763000
249113293277
249110139150
249124798678
249114867907
249128259517
249114459047
249101837333
249115819762
249110521146
249116134639
249117977616
249115741528
249118086743
249128887390
249101064945
249115556070
249121161161
249118898908
249101866846
249114021997
249124437180
249124963842
249125467405
249114179537
249125754654
249116438803
249126178381
249119957706
249122746772
249128667906
249100444392
249113990764
249118952136
249111879397
249117093232
249100743903
249126276502
249112143763
249119933685
249115432438
249114459974
249113452983
249116410436
249127557259
249127778138
249120457973
249113759433
249119996512
249115865191
249124875441
249123982581
249129490404
249128745498
249115229485
249126984358
249112515595
249117415176
249120199731
249129465012
249127175146
249120819662
249119644767
249101811302
249119186298
249101686429
249121389091
249112010670
249100429705
249112430553
249115226465
249120758046
249124859670
249116114960
249127292908
249125283201
249101891407
249114452946
249111223027
249123735879
249119534891
249111332192
249115596359
249125052524
249111346127
249118973400
249125919889
249115827855
249115098793
249119585614
249113029502
249122963365
249115010889
249100670795
249110311382
249124822739
249128639711
249125747629
249124883184
249124694997
249115631464
249126871325
249114438146
249117143487
249124343261
249110034804
249119410127
249112083712
249124398003
249126953362
249121989974
249128220325
249124614257
249122726535
249111189456
249116164123
249124949514
249117657320
249111212644
249127412503
249110349511
249129843568
249119933581
249117220089
249113893604
249128777285
249101816184
249129277099
249119836503
249126629185
249129297304
249111391911
249116110114
249119591347
249112531978
249110169698
249118320421
249118868649
249118970575
249113583085
249112410953
249117316408
249122717326
249112368144
249115092406
249126184404
249127276630
249115962351
249128958435
249124289983
249116334148
249124058903
249125131192
249110381776
249126961592
249125416918
249117287468
249117628928
249126572304
249117580033
249112797431
249122743278
249127993925
249110379257
249110311694
249118038175
249115374122
249124758319
249110770825
249121255982
249100144821
249127680395
249118491536
249129795216
249119512139
249110178411
249127515579
249127083038
249116547034
249116044920
249117597614
249128166415
249118212965
249113864995
249114635642
249124351638
249121092170
249125548979
249117212239
249113290880
249119682430
249111565275
249121939958
249113313337
249118961035
249116212248
249124776658
249125685849
249115095709
249110132965
249112468409
249113192671
249110350229
249112434734
249128893198
249100269963
249122738933
249112769846
249126552090
249110538948
249126042818
249117062200
249121884861
249124478903
249126052834
249121167460
249116960255
249126453840
249118329836
249120113618
249112657377
249125773653
249111373701
249129694316
249129272849
249112356995
249129593504
249128976879
249118240283
249114133409
249126512202
249124277519
249127333129
249100055862
249117020381
249118828967
249118044329
249115625959
249115687584
249114173695
249101998086
249101929630
249128578742
249115118518
249117898735
249110536479
249111286594
249112098565
249119726347
249122229519
249117383556
249122911629
249119997658
249112989838
249113539131
249110542954
249117633052
249114280619
249115228426
249112040424
249124335261
249113882703
249118576293
249115826717
249113342788
249118759737
249128620456
249126748088
249122349904
249122751110
249113535634
249128213202
249114540524
249129454957
249119631658
249125472492
249116810184
249125343205
249119518013
249114769545
249119047487
249101848172
249124890224
249118716368
249111592549
249121249086
249120011113
249118473709
249114017370
249116942519
249116124107
249129431504
249111236274
249114163460
249120972840
249121293062
249101832314
249127968626
249127613929
249129249454
249116623920
249115019023
249111060479
249114197553
249119673090
249111768572
249124395671
249116824698
249117466808
249110151854
249101653424
249120452668
249124358679
249116863598
249111221088
249115488920
249124847575
249125970996
249116266420
249110580366
249110599558
249115271388
249125225401
249112355232
249101380683
249112981697
249119420376
249111379014
249113340696
249124374739
249126723550
249128534895
249127676319
249111247225
249119432399
249115719524
249116174128
249124297193
249116125851
249125316827
249112655761
249129857022
249127771349
249124953962
249115077090
249121976225
249112128715
249126050762
249115986773
249119766576
249100367612
249100826019
249119524252
249115465609
249115058958
249118390883
249128979697
249127880446
249112282080
249122735123
249117939004
249115662837
249124014967
249116412760
249113848439
249112112156
249100182408
249111662251
249125712486
249129237692
249120751130
249126279854
249126685773
249120125730
249119744787
249100937880
249129536847
249101382551
249128882821
249119473588
249117385485
249128016111
249129725823
249112455775
249129634094
249110388797
249121847761
249126849145
249115984741
249129417503
249100293493
249119481734
249127269700
249124126988
249111675304
249115790457
249117541161
249119464710
249119725872
249121615812
249125149463
249127370049
249110836237
249116216463
249119129814
249113663015
249118031154
249128225654
249129781087
249124670355
249116484390
249126062011
249114838616
249113610972
249127726482
249118473177
249112434372
249123160627
249129796571
249125664509
249120576715
249127612967
249127685538
249115119868
249116027444
249119025706
249113828867
249110137581
249114622131
249111674402
249112092647
249128186709
249113780616
249110779425
249116925680
249124014004
249127655834
249114560707
249116999059
249116196021
249125654813
249116684620
249115051034
249110118010
249126248800
249123989971
249110562235
249127441102
249127164488
249123063319
249116096029
249116593030
249122631986
249124651535
249116680482
249116873610
249114790240
249110360698
249128492243
249126226556
249126399998
249110944063
249127414803
249115352409
249119160694
249112658490
249126044519
249100269615
249123072820
249113045209
249126157681
249126050786
249129296953
249110374066
249129446383
249124568271
249124435374
249117330877
249116169525
249123915831
249113211396
249116438932
249127768344
249125330622
249129648561
249119860881
249112937792
249129944438
249126176073
249127912092
249113031086
249115684928
249126664770
249125528676
249114142723
249112452471
249100940959
249126157163
249113768850
249111785054
249114183353
249122717416
249110344127
249112533549
249115220058
249129681016
249100129560
249125134805
249124173247
249111841228
249121447646
249127732247
249116910415
249112322880
249119722047
249118142697
249117113187
249125954399
249110319119
249129772353
249114771367
249126263056
249117610168
249114635616
249129517147
249110570569
249112199567
249101382422
249112327388
249124825900
249117873933
249114441018
249112146086
249123424866
249115968609
249101560353
249112391721
249125499047
249118014205
249113647322
249125610749
249120534093
249113760589
249112146414
249113130511
249125725760
249116243153
249101841513
249121283892
249116372686
249113649972
249126126966
249128017812
249101892657
249100591486
249113160932
249114426268
249113044918
249113921933
249115735283
249121673923
249125936719
249114461381
249112595123
249111662953
249114053827
249100729866
249112453675
249110587734
249112014536
249117955971
249101868722
249126749615
249129293478
249115310053
249116242257
249113031030
249112712488
249128960356
249117634695
249118448017
249126998225
249121296222
249111861548
249125316196
249115036714
249125477347
249114048135
249128893201
249121167578
249111844757
249116156667
249115768775
249122260036
249124791893
249126929875
249115496346
249114913021
249111852110
249129794023
249122399324
249126412394
249117795512
249117675294
249111256333
249125355593
249126612107
249112512435
249119039103
249125230647
249119876429
249128873878
249118594635
249119831900
249114520712
249115034047
249127256158
249120856039
249114021432
249117824778
249120430148
249126765851
249110779316
249122614470
249126518185
249117466328
249124362011
249119011812
249126831724
249118324685
249112134711
249113498315
249112779775
249113686356
249124945014
249129550511
249119518455
249125522943
249101261740
249119170586
249114911606
249116449067
249123066596
249112694793
249115819637
249110616941
249128826841
249119123728
249127770681
249112398933
249100167762
249101043776
249125122577
249111427386
249119720153
249101537249
249126461439
249100360875
249128944531
249121316750
249110571669
249126756858
249129928458
249110812507
249122275180
249128783774
249100252209
249124150674
249124347458
249124925506
249101273360
249115992809
249113615123
249121582177
249126712340
249101896618
249113684687
249114550338
249100148544
249125320308
249122666566
249119594697
249115867997
249123020179
249111575961
249100765542
249125272440
249101851489
249101945587
249112366882
249119895607
249116574313
249127528798
249124014625
249119976934
249129417852
249100989103
249112527379
249116864370
249113495761
249127886731
249122983342
249126131228
249111937291
249116862678
249128712181
249112545498
249125843293
249111697946
249129882266
249115374501
249112641930
249117867405
249125073473
249125949351
249115184067
249124495629
249113616203
249115344805
249115125109
249115592908
249113431493
249111437522
249118141580
249114177836
249111212451
249111559159
249116358564
249128657799
249122528011
249112470994
249115068529
249126799623
249119791848
249100661127
249119794283
249115862392
249113368392
249129283014
249119091772
249124917343
249119085335
249114657283
249113781516
249119768338
249124177522
249110681178
249121938726
249113724973
249100224310
249113597265
249115788967
249119626291
249128898753
249129319506
249113869963
249112697490
249119847839
249117716159
249117587385
249113937813
249125543962
249117161178
249111488715
249112592403
249123659683
249110170014
249115284955
249125797899
249124989881
249113766355
249115730682
249112443711
249114241152
249112055895
249112911277
249113358449
249126181531
249112528489
249124675586
249112392373
249124110882
249127519673
249117251741
249100972343
249116839611
249122739173
249114699566
249115933330
249127625436
249100480582
249113113507
249122220704
249115859328
249100792434
249120250247
249110332266
249128278859
249111154499
249111281039
249112020697
249127537232
249119065429
249119254715
249112217581
249129598226
249119036782
249111411296
249115168429
249121919504
249117762292
249125950332
249113649028
249116066856
249128812219
249117588794
249115561400
249113566009
249125138202
249129870966
249116219474
249126042846
249111460785
249113811352
249123836858
249126060980
249117152502
249118345254
249129254395
249124563869
249122761814
249119524670
249125778558
249100292261
249115229466
249101684443
249116989102
249117650949
249114312970
249116439101
249125894845
249111870059
249121167481
249129836654
249127510530
249117263547
249116936440
249128064620
249101531428
249124693287
249113641852
249125321958
249112231685
249119723755
249113135434
249113339723
249127778868
249117527902
249124338612
249116691055
249124955218
249124645144
249124397770
249125535063
249116423785
249118237301
249113438902
249125313486
249117817620
249110566992
249128229057
249129616875
249100075272
249124348487
249116675723
249125937660
249121742753
249126459112
249123268275
249128519936
249118411302
249116759903
249101659688
249128691405
249128729483
249114145057
249128044611
249125985472
249112126293
249112323245
249120439633
249113747252
249111284511
249115714054
249113736417
249112561529
249117374221
249116265981
249126845138
249123117532
249114372322
249118580530
249113846835
249126556368
249101342806
249121121915
249101866001
249112090883
249117887192
249118479962
249112520628
249128075612
249113415374
249129366758
249128644858
249113444416
249116891163
249129574081
249119548382
249100989471
249128140644
249123327912
249124053616
249128692840
249126040498
249128527017
249117714479
249116745227
249118783479
249111148288
249129040690
249125793628
249120410807
249101935786
249111678915
249117512905
249110580761
249101663755
249129386988
249114132177
249112443258
249112362784
249114145261
249101847892
249125995630
249112331934
249100927325
249125326057
249119090128
249117412528
249118071026
249127562644
249129630441
249111025285
249115159953
249112428850
249111047673
249113288106
249116124579
249121247219
249100617459
249122290035
249118068342
249101831327
249101846879
249123664797
249126551599
249100134016
249112624815
249110798246
249115267495
249112681051
249126296548
249119721508
249127262584
249112917711
249126063206
249112398406
249127669510
249126486204
249112357325
249111632570
249128916819
249119642063
249129711129
249111612165
249113477916
249129618858
249129738205
249110750868
249116254109
249112560662
249113357452
249122743464
249113647165
249113686687
249127641364
249129364646
249125113535
249111228799
249112341327
249118118890
249115473819
249115737691
249100721358
249115467361
249116376549
249112094425
249126296036
249116083652
249112277174
249121273779
249113827101
249113015806
249122137422
249126523379
249121883940
249127512255
249124554839
249123070555
249127757777
249115029556
249115928356
249115989424
249115731821
249127837139
249129934882
249113229271
249114890022
249126813156
249126168676
249118689633
249115768074
249124985741
249115092705
249119153622
249125954606
249113962111
249120895069
249110666898
249124261819
249125887970
249100653984
249100640614
249120561961
249112368170
249117994487
249115719102
249127788492
249111963381
249110057070
249100858353
249124717355
249128442264
249113330573
249128676290
249111471086
249127743351
249117960603
249120870742
249128472657
249127677035
249129755115
249111787029
249101376460
249101884223
249101982368
249125661205
249114611880
249115159463
249120198753
249118320091
249128218372
249128192989
249101941075
249118076957
249110358638
249113861768
249126940555
249115969537
249129467328
249113736734
249127524095
249127692793
249120551558
249128941660
249125257483
249116750201
249119932506
249117811759
249116439961
249111239541
249117932955
249119952113
249110324089
249116847340
249101544012
249122616742
249113824202
249116140885
249126881538
249125916438
249128966045
249113395670
249113164833
249114463371
249111684846
249111919673
249112880831
249112569921
249119540556
249100626849
249111097460
249129329370
249124275224
249118396963
249127772746
249120326032
249112325550
249116796995
249115937575
249124235957
249112245422
249112459665
249125391694
249114374413
249120768186
249118817633
249128062137
249112144885
249112445463
249129478177
249111635039
249125944654
249124110888
249100923541
249111397182
249117631055
249119130384
249127227513
249112734735
249129317938
249111762412
249121338720
249112150937
249124871156
249110733451
249127319738
249129542673
249129623371
249111361252
249121589459
249126220353
249112019450
249117966196
249118383173
249112733194
249101411653
249127523866
249129985804
249129176823
249119784364
249114736535
249114482920
249124067881
249123112473
249124986688
249124321692
249114840765
249129278863
249129547115
249127390995
249118740196
249112328649
249116940608
249116427346
249127895186
249128651763
249115465272
249119269676
249127616207
249129048899
249112774787
249121876680
249121534593
249114513161
249111885458
249100651355
249112543347
249119991364
249112156218
249116452103
249113664965
249112358669
249117549935
249126429525
249101888337
249101346468
249115383956
249121979643
249111225630
249116958773
249127976000
249125972072
249113812112
249111192685
249100932834
249117021466
249113895635
249111510951
249126177028
249126933810
249113870122
249123231910
249119793164
249115950260
249129543342
249113488368
249120162284
249101359159
249115019970
249110838215
249111645852
249127354499
249127694060
249112867227
249113630906
249129685699
249111030516
249114423793
249114179124
249125668620
249114522050
249124097744
249116136584
249112158860
249113183432
249111923556
249110385595
249122737020
249119439539
249100390455
249124139627
249123117347
249118891745
249124468401
249117131232
249112429123
249112321224
249123043653
249112427817
249126429261
249126043168
249122880715
249127443676
249128698546
249117612644
249119765299
249101914836
249114355690
249101388021
249129348321
249113711502
249124068507
249100744230
249100636681
249119713769
249114570378
249129675825
249114491199
249116553764
249113355779
249114920143
249125218093
249115972193
249101880109
249114373083
249127226165
249111587228
249112130161
249124241561
249119519154
249116939298
249112376920
249119434369
249101684836
249124277966
249100164603
249127246275
249112173454
249111893632
249127844881
249126519092
249120012805
249112542143
249126096578
249122324590
249128399572
249114260650
249110720730
249123532963
249116499164
249128712484
249116886473
249117452728
249127792720
249127421988
249115935673
249119473720
249113966553
249115980948
249123694521
249118178562
249123669807
249115299826
249129938204
249114152739
249117552076
249119544491
249128647350
249127626485
249124029277
249129427843
249118982841
249110926055
249128676251
249111431903
249113860826
249125151599
249113474139
249101429743
249116385737
249116085079
249112194419
249112488927
249124341963
249125636503
249110550803
249128629280
249127270871
249124645617
249127331382
249113668104
249116312465
249113171357
249122751569
249128619875
249116118353
249123922288
249115773508
249128492852
249113687360
249110346462
249128970834
249119997417
249119067822
249111074542
249126822648
249112393057
249116494570
249113414298
249128925031
249117350040
249117187313
249112119627
249125246764
249111155248
249119252813
249110584406
249122021648
249116823491
249118552522
249127125375
249118097711
249119859660
249113456407
249111716130
249124290824
249118027044
249122930821
249121658633
249101051282
249116229602
249128043722
249112589297
249118072638
249110516568
249129834754
249117460510
249122640963
249115035584
249115260199
249100582287
249112948271
249111395991
249115267170
249113587025
249114198547
249124270023
249118611049
249126176577
249117216450
249114256558
249115936313
249113564531
249119777549
249113193251
249123142473
249128015013
249121811451
249100798276
249100620637
249110558204
249127965390
249129647420
249112374206
249113975786
249124993481
249101840451
249114259729
249114662509
249121656037
249129647419
249126422895
249120755957
249111875327
249119560350
249114799504
249126721107
249110542770
249100247712
249114321933
249129440641
249114444783
249112298207
249124673626
249117422391
249100175470
249117062919
249117815386
249112643281
249112073476
249125727590
249128881882
249116037987
249118524925
249112192156
249129912353
249116023279
249126110817
249127696924
249129421900
249114049411
249100222085
249113184088
249115036051
249119293548
249115775218
249119860681
249127890242
249126926679
249117065126
249119914922
249124928161
249111393573
249126887775
249117086847
249121856892
249113092027
249119718764
249116242614
249128661967
249124736968
249115561215
249126123915
249129680381
249114357709
249117682039
249126952792
249111197815
249127658227
249117817810
249114718148
249123083534
249128833270
249117097456
249116965530
249100967266
249112693804
249129916266
249113547695
249126256327
249110364530
249117391792
249128265812
249125196308
249117584492
249113732458
249121364433
249119683549
249129012389
249126835186
249119739636
249113492602
249116696256
249100976320
249100754946
249112360993
249127789430
249116076036
249101546190
249112150365
249101084666
249101849423
249114891588
249115262203
249117625456
249111260262
249126880390
249112328913
249111476891
249114048876
249118296303
249111999557
249119588585
249125727708
249114646830
249114467348
249111178015
249124643879
249128041503
249125991556
249117489395
249114874281
249115436120
249122399642
249122759240
249118714936
249115760702
249126677202
249117780187
249113230495
249113794919
249112237359
249124147621
249128539283
249127567183
249127433403
249112468939
249125622099
249126627107
249114229960
249123152854
249113651649
249121875236
249118228452
249111757712
249113452418
249122118828
249125926352
249124686158
249124863602
249112374417
249128046649
249125237502
249129533700
249117718780
249100323720
249127766860
249129332341
249112038764
249110948309
249118023483
249112056437
249128271126
249126091026
249125970076
249124126925
249117452692
249126263579
249113344276
249110592777
249126466627
249117626213
249126223659
249112728087
249100245925
249123714249
249114264475
249125728686
249101812834
249114846277
249117390534
249119726768
249100265832
249124339744
249100864759
249126837437
249128419267
249111181146
249118466278
249119585549
249111249352
249124227676
249129462005
249100255273
249101024985
249119981022
249114641667
249128979048
249129744677
249126416834
249128916907
249126247813
249114233044
249124743139
249116479118
249116862379
249121374075
249119241777
249119878829
249101428525
249124844583
249115641436
249126184053
249123588478
249119240550
249100631602
249118353186
249115295588
249101532279
249127296805
249127423539
249127695629
249112136902
249124682532
249116263562
249123121024
249114566029
249117624363
249127189492
249126282243
249111512721
249128955220
249115826147
249114687131
249116293275
249126951664
249113871605
249114813930
249124625453
249117927705
249119979337
249126830109
249127451859
249124858681
249113243386
249100353081
249128260797
249123160556
249116282391
249116811035
249101937006
249126187004
249115912793
249128916313
249110844250
249116845386
249126131347
249124418661
249117772424
249129827558
249116245532
249116729380
249119230069
249129649526
249118594856
249114026149
249123850643
249125653077
249110169815
249120486651
249112535617
249118381186
249100058031
249124347900
249113853325
249113863756
249123235651
249126864917
249100660326
249114923262
249124241271
249112518154
249116999397
249123675833
249124265464
249113225536
249114419611
249118286226
249117137761
249111350776
249119942921
249129260932
249114042714
249112317449
249119944760
249117152756
249100243469
249111487088
249112448927
249113634012
249125333967
249110287555
249124225492
249127965316
249128020823
249113979453
249123982245
249127325948
249113536462
249121438354
249126175350
249110720531
249125358242
249112630360
249111697568
249129324954
249116646540
249101995301
249120830031
249118155546
249116499433
249124345276
249113837395
249110325775
249120428965
249119710562
249128087512
249113729404
249116074093
249125937383
249117430221
249125731462
249118548930
249116990162
249112935235
249112078027
249124716969
249126848360
249101887194
249122756024
249116152303
249113972130
249124665679
249119527146
249100777646
249116136033
249127583551
249129259565
249117797257
249111952692
249122773401
249119780672
249111513677
249125384453
249124465980
249125597540
249116196167
249125237111
249125313449
249113448747
249114293729
249111526996
249101359123
249114429974
249115017426
249128068874
249129592991
249116192499
249111537664
249117093029
249129473206
249125221747
249124484198
249118721981
249126737421
249116154144
249127866686
249115266909
249118423899
249112759361
249110777663
249122765135
249126660563
249117656852
249127845426
249111052612
249114483709
249102224683
249117541188
249113681330
249113681966
249111167311
249119796253
249122716958
249115031530
249113544730
249124327169
249116149598
249100735564
249111193755
249127910069
249119930505
249114340032
249125146902
249118256248
249127996301
249127054457
249126879402
249127337885
249112497987
249122911369
249120488161
249116214045
249120119891
249122189818
249114818751
249115081733
249112693574
249126640110
249121036467
249119662140
249126510965
249101570660
249111638436
249127821469
249111745017
249125986873
249110165765
249127386137
249112763633
249126132201
249116495048
249116079752
249124811117
249119752301
249124689742
249113874973
249124190635
249113093328
249124437930
249127577539
249119994831
249129477647
249113328353
249110149198
249113681708
249128262252
249123190296
249122328275
249118145224
249114757706
249111360809
249110696037
249124642442
249128065424
249124486872
249125797320
249115026808
249112584497
249100460898
249117874189
249100348872
249128115839
249124189037
249119544502
249111864591
249119998211
249124913435
249113914603
249127687632
249116966265
249125351076
249121967048
249115175703
249115034475
249113278483
249125977185
249129426877
249125317790
249126684284
249125575980
249111484385
249100739216
249118935992
249121926242
249111317516
249126454746
249123140914
249110562434
249123882311
249119760537
249115241936
249119030779
249112688516
249125325300
249123239263
249117519674
249115186718
249125349696
249121167669
249124053906
249122797361
249101830381
249127284231
249126151038
249110760037
249115290636
249101258106
249113124861
249111416045
249118848479
249119161601
249116869850
249113523512
249121919371
249117324324
249122665142
249112169292
249114452187
249126743620
249113814821
249124365133
249120820426
249122744485
249119077525
249117756997
249125323793
249115577029
249117522560
249119986484
249119280246
249110533199
249124436561
249117659837
249101313521
249100011837
249125340704
249111140739
249128217571
249123474152
249125991250
249110865990
249125265261
249128745871
249127749868
249125685360
249100398508
249113130510
249111611669
249113846357
249111976919
249117182409
249113914786
249112152365
249129996375
249115744323
249127014169
249120174483
249127650109
249114329103
249129814621
249128067857
249119815326
249117939790
249128462472
249100771346
249101494125
249112046365
249111093722
249116465843
249127696952
249113592971
249127624379
249113577045
249112624130
249127958593
249126557673
249128984224
249112257039
249114739238
249120947265
249111155922
249113912475
249101312830
249100511562
249118014583
249119484547
249112386551
249114373722
249114184082
249114247721
249114620298
249112384819
249124896881
249124179921
249125780665
249128933534
249119074338
249116499778
249115960217
249100427723
249116822354
249121844771
249115795863
249127382765
249116630795
249115714021
249113788908
249125029718
249117792799
249101336103
249112452917
249117464623
249117981399
249111646834
249118453283
249129252376
249129118303
249115115470
249112482700
249113121340
249124165605
249111217918
249114134872
249113129960
249129712825
249122548160
249121075156
249123698579
249116244929
249129238920
249100971068
249126937251
249115094758
249127641388
249122524705
249127567151
249125761065
249128653556
249114628548
249119524632
249129174803
249116615890
249129241592
249127734086
249118962797
249116237766
249126527941
249112483031
249116625277
249119812046
249129816906
249118548127
249126011287
249114383644
249115025026
249114096266
249121481345
249114466863
249127130449
249122362401
249125746778
249114836512
249113536209
249112414048
249116187143
249127121528
249124068057
249118186672
249117936884
249115544535
249116511542
249124450439
249120878406
249127966081
249100798990
249126139550
249113995063
249125779341
249111476545
249121861367
249119087778
249112511122
249113551761
249120718109
249100131185
249112696041
249112193684
249129078324
249125228715
249111276501
249115996048
249116290755
249112669699
249117592321
249123571939
249118677793
249115029787
249114694419
249125978950
249124691803
249101240015
249119677914
249100913522
249117859803
249122973946
249111977093
249120520237
249110771187
249124347315
249114372497
249101647049
249115557889
249113495290
249114332802
249120798246
249119611864
249112392616
249122537992
249116187656
249119819504
249101259438
249117668800
249121593014
249119447104
249128256068
249119492913
249126761079
249101420864
249120046601
249119080451
249111099108
249112759047
249126042892
249124961755
249119956065
249113820976
249122067131
249124037244
249120029316
249117710099
249111657536
249127957871
249116236856
249111065793
249123832564
249116927535
249113585474
249116487178
249124897721
249119083556
249115233575
249116026789
249124391969
249101853370
249113874442
249101876907
249116780497
249123980578
249112295320
249101234949
249129267642
249122764068
249100217574
249112167296
249110122977
249116358768
249124092366
249121385182
249127989716
249111092886
249116034344
249124181341
249115253038
249112311773
249113769780
249118346294
249117593789
249100168628
249124739428
249101626619
249129986458
249118866437
249117085077
249116463670
249129839260
249116035906
249116184563
249111628901
249126334564
249118460351
249110834916
249112845886
249117677960
249112347756
249119354394
249114280765
249124735451
249129950230
249124691824
249115816704
249112754627
249119065027
249113262811
249100692339
249116534460
249122518518
249116498579
249113675784
249111826596
249125721927
249125793068
249110078780
249116441533
249129475858
249122685289
249121868487
249119915665
249113898905
249119815548
249125940721
249114984562
249118746340
249129431717
249119451104
249114395679
249114740955
249101536533
249116539271
249122389438
249114377106
249114471023
249118115267
249123174801
249119634348
249129479392
249115030561
249115739821
249129628446
249117985766
249112552302
249128124844
249113265629
249115551633
249119241195
249111782810
249101077771
249125094998
249114626770
249122737441
249127399325
249110130010
249129481877
249120098312
249112092145
249116853101
249115291463
249111997618
249112556150
249127653825
249114858155
249114290788
249113334787
249113842597
249125711858
249127597995
249114247922
249127825568
249112011597
249129845784
249111371504
249100993085
249115611243
249117448935
249114534455
249112513410
249110546322
249123642218
249128091396
249114217230
249124035524
249111859208
249124389690
249128734347
249117869092
249115839435
249124416249
249129483008
249113167241
249112450379
249124038661
249117741551
249115235448
249111635994
249114891589
249112332116
249125717405
249123229925
249115151288
249113294686
249114967265
249116588839
249117996697
249122363633
249114561014
249101884045
249125182561
249116463451
249110758001
249121072865
249119465701
249129065479
249118037273
249127750553
249127384196
249123130963
249115870339
249118915712
249118382853
249125757928
249124162233
249117872922
249110772674
249111749721
249116922384
249110894802
249129036288
249116968022
249129849725
249114381269
249100214906
249114451498
249110216973
249117884326
249114726838
249116939161
249126545475
249112547524
249120850995
249117826540
249129436063
249110545327
249116887745
249113739841
249101010509
249113125333
249114567753
249115762679
249115522203
249101966038
249115841317
249112415385
249115247493
249118698441
249113339333
249123584919
249111068537
249127754804
249125728947
249115177105
249113841620
249114511163
249119674812
249112246633
249101887738
249115280781
249114650883
249117670356
249124067500
249121655273
249118439507
249122264200
249111863039
249121295308
249121753084
249124348270
249111742980
249124615937
249124292470
249116111469
249125171137
249129625528
249111558644
249111276983
249115784884
249111836474
249123972663
249116491538
249113516329
249118857203
249116352039
249118578025
249119058998
249113534628
249123863545
249101874821
249126969732
249117827700
249127528625
249117665922
249116396813
249123150452
249100055387
249112047769
249101667810
249112295347
249117811726
249125794399
249119154388
249112445666
249112094487
249112410466
249114314583
249128377598
249116182812
249119461569
249116385294
249121924507
249128158091
249113817784
249114575249
249119425720
249110537239
249128124576
249129389701
249110550061
249121095242
249118689041
249125859098
249128945950
249116944285
249112593643
249118489709
249115758189
249112611890
249124455286
249128587446
249123255763
249111810232
249113094457
249100386590
249101319123
249121213468
249122934205
249111840652
249115080407
249118114090
249117667123
249100776738
249113434033
249116295836
249129011899
249129610313
249122371725
249101371069
249125813756
249119790373
249129850849
249119786645
249121929498
249115224981
249117464936
249101379325
249100255645
249124145335
249128959658
249112498861
249115943660
249124930530
249116853127
249110367513
249125947514
249111985729
249115019114
249118933625
249113835174
249118922556
249117498529
249129994067
249100368262
249119786800
249115942442
249117247091
249113398776
249119233741
249111074150
249127273892
249128871905
249119189626
249127874883
249122074416
249122794149
249114516495
249118973047
249111385966
249119192887
249114378998
249122938153
249125334908
249114470984
249101071593
249122175605
249113253938
249117740897
249115263534
249117960896
249115188191
249101331099
249120087555
249117151321
249111277009
249114823808
249119953644
249112744146
249111251245
249101082662
249100963618
249121947001
249113151390
249112424031
249126255991
249112472083
249120080851
249127733486
249119223998
249115543166
249126214867
249114774500
249128675112
249111470267
249114112001
249100877686
249122939822
249114684219
249110728113
249112473249
249125946146
249127949342
249115031493
249124623480
249124655005
249118454642
249119011922
249115612692
249127973162
249119034588
249124312131
249114662958
249110362320
249119796747
249114658781
249123945275
249116210383
249115267629
249127040367
249116547843
249129572706
249119124176
249101325575
249125952348
249113981993
249124764639
249118341627
249111642637
249115530876
249129539472
249113753111
249118766544
249111682674
249124487819
249114048698
249100753858
249120542858
249127175717
249121961801
249129824399
249127556290
249119725661
249119713981
249110315539
249114366773
249100143725
249114214157
249117810695
249111663040
249125619597
249111263669
249115344427
249129432898
249122885303
249112055928
249113919278
249128965782
249114883462
249117660906
249122678782
249112931232
249111010976
249127431036
249115624251
249112217687
249115754897
249112960079
249112190956
249118870752
249100410981
249114566037
249129664104
249113133118
249127698043
249121621498
249117839075
249127670447
249117392276
249125228210
249119468775
249113937900
249123470374
249114312072
249129451283
249129477662
249115873143
249119255595
249128680459
249115815746
249118273298
249100220062
249112171845
249128091267
249100667927
249113788131
249117097334
249114888167
249129537319
249125910956
249116921756
249117589254
249115093667
249119059006
249125990801
249128914073
249123688840
249127057445
249129054425
249111322087
249127549930
249125462486
249117165170
249116236457
249113565653
249117647959
249119713781
249101338633
249100140989
249114271895
249119897127
249121464884
249116636269
249101298762
249124632999
249111656407
249117125908
249117785250
249116586911
249124647787
249126814265
249118782000
249116417101
249112179790
249115219207
249125266527
249117710318
249123094895
249101842004
249124898274
249117554449
249122182504
249112972493
249129445001
249119656738
249115019705
249101883531
249101099172
249129675070
249101359240
249112225357
249119926700
249119990155
249122784252
249124741944
249114024977
249115197390
249113460036
249113746440
249118472856
249101352147
249119895014
249125341736
249129838955
249119594909
249113685929
249119730261
249116983562
249114052176
249111049016
249128089440
249114421912
249126856317
249124825816
249101623567
249110352437
249112428341
249117042908
249119899448
249119473499
249121989016
249118729598
249124424084
249111730323
249124247837
249112212219
249116165677
249123797033
249115067051
249126172323
249112359348
249113364741
249128411563
249113731782
249114498050
249119544076
249126831092
249111025897
249117996718
249113349989
249129493268
249124183083
249121287766
249110392111
249118667500
249118573854
249117916108
249129259950
249129225043
249118118302
249116176826
249119011390
249124143007
249128421304
249118961092
249113683464
249126488143
249121999302
249129063347
249111148461
249122794367
249115922669
249101961414
249111214228
249113573431
249119442600
249128989082
249118048317
249101825741
249114559468
249115284381
249117283676
249101649979
249126042737
249110256725
249127680676
249128868011
249112690159
249116380176
249127464582
249118442094
249111531755
249121218734
249120459082
249116818018
249110885783
249112395881
249115779516
249119954179
249100267073
249115377889
249116918041
249125695251
249113434760
249126875554
249111633590
249117577645
249122820167
249124877452
249113917629
249121945311
249128873170
249128452071
249128815715
249122152508
249111676888
249113744910
249125945427
249101943694
249119989990
249110756545
249129825483
249113447445
249112415108
249121535995
249111130908
249116475973
249114348434
249122683677
249126676229
249113349450
249113363636
249126036577
249101962133
249124172368
249127599064
249113190334
249126714442
249114434509
249119068484
249127971067
249117775212
249126471469
249118654300
249128998991
249119625635
249101391790
249120411159
249129577634
249121847582
249115082314
249101560111
249112762940
249128217502
249111621895
249100125691
249114759779
249114128142
249119663814
249100832606
249119873800
249114828030
249115198260
249119748464
249125391689
249111663489
249113748573
249115179916
249113528347
249124448504
249128682494
249129598735
249128523163
249126224578
249111640021
249114132796
249129795910
249115112635
249126644012
249111760202
249122685190
249100358998
249100019762
249115756707
249118355583
249101435612
249114743849
249121982345
249129232638
249114792813
249117438144
249111843243
249120472185
249121158345
249127988364
249118095898
249124294112
249124663008
249100937518
249113814584
249114322337
249117832608
249126117244
249125336072
249118138655
249111291673
249113128403
249124272356
249113961695
249117498100
249125291358
249117328224
249129851665
249117378358
249118419861
249120426914
249121213691
249101358645
249118042535
249113677432
249119478814
249113877530
249115681112
249113933368
249111855383
249124913983
249112148746
249117255068
249115793178
249125723855
249125511089
249126451777
249101389925
249126058536
249124317410
249111874869
249127957063
249114952863
249117651366
249122799136
249110175425
249124858645
249114670299
249115071677
249100785054
249125940710
249112769528
249110370982
249129629103
249123913569
249125980372
249110370598
249117754769
249125224331
249116286148
249110067790
249129059790
249112110825
249115873603
249112034672
249128677220
249117312345
249102260719
249119086347
249121859623
249119994963
249111945622
249120914395
249116040715
249125759955
249123892940
249118353839
249117911046
249115044423
249124324152
249117183628
249115086359
249113431228
249115314788
249116448374
249128999222
249112174256
249114541413
249120898274
249112175031
249114827750
249114938423
249100882435
249114972990
249101559608
249127344871
249112435129
249115937108
249113293080
249111110247
249128849948
249123164310
249125283764
249127193592
249122769901
249125976122
249101880360
249129440291
249113813292
249113417207
249127098318
249117324568
249126247175
249125373296
249115742868
249115997295
249127879699
249120465239
249115324180
249125387968
249114497369
249124043213
249112937343
249115626917
249117790151
249128535593
249119750766
249124093670
249113275084
249121632517
249116463562
249125341246
249111334273
249125998247
249113058911
249101570917
249121592427
249127594829
249119171066
249125999650
249114363045
249128045620
249128021217
249100325062
249115752483
249123288764
249116257595
249117511635
249115180923
249119752243
249118874088
249122133023
249116879642
249127936381
249119478198
249113419944
249118347372
249124616130
249129788088
249123630487
249124586376
249119021789
249119667893
249113990644
249124859857
249115924592
249100315648
249111225889
249119626357
249128032673
249118799770
249124248491
249112723764
249112623930
249127837404
249110689224
249116061136
249100370277
249119969191
249118832358
249117725269
249111824403
249114220680
249112250865
249119155481
249113213778
249101836423
249118797830
249126613089
249111691099
249128553277
249110595834
249117541250
249127796980
249113216766
249129265302
249114313132
249124048984
249112296233
249114384262
249117589583
249116340375
249129580022
249117184794
249113341232
249115577037
249111933419
249100265742
249112088496
249114838600
249116734478
249123953018
249113812512
249123422758
249117555317
249123834216
249127050000
249114319301
249116539958
249115997465
249114457595
249123943321
249112531031
249113346295
249114686459
249129655495
249118018460
249124338124
249115154579
249115176640
249116147275
249111712386
249113837109
249115062873
249100731834
249123515006
249119812471
249129037627
249113873022
249127673060
249112166038
249110892486
249114140810
249114185336
249115122309
249113478560
249114364498
249113623419
249118254120
249112420920
249122640332
249111811627
249129729782
249100966482
249129583504
249114751446
249100283007
249114466148
249126042752
249116180714
249128584336
249125513227
249126851717
249126943731
249128322019
249128514614
249101590046
249112514544
249101641322
249117885821
249119273968
249125238108
249117024322
249115893982
249111641846
249122777254
249125268304
249113628192
249124879493
249117150175
249125734102
249112998247
249126416646
249112314549
249121565773
249117222691
249127314665
249118351633
249113479251
249121527594
249114894872
249119928937
249129764069
249100546627
249125061029
249122952771
249114699256
249112338185
249123910252
249111614378
249113297321
249113046088
249116576401
249119168709
249112393880
249117426518
249111499136
249126779345
249112697381
249115237445
249126252890
249112266485
249127974839
249117320908
249101584387
249121697956
249126171016
249129663119
249124276387
249113560288
249124140209
249115865112
249122529338
249115044955
249110321656
249113236711
249117793477
249118426059
249117595195
249127940885
249110091483
249129743419
249119073787
249114353885
249124328806
249110210503
249110711653
249116885815
249116564209
249114328922
249115041047
249120826034
249122580131
249119553285
249126788840
249124075705
249112630379
249101044117
249116326210
249101530491
249114566354
249100691556
249129253571
249129520651
249100312035
249116944092
249124876070
249126651620
249121161517
249101918139
249101886338
249111299254
249112445347
249113634617
249125351986
249119512019
249120196822
249128682078
249119612800
249110623694
249116887765
249129894241
249116480455
249125747216
249111982764
249113515889
249113310166
249124651194
249122729242
249112643102
249120116525
249112028021
249113568979
249118049243
249110181056
249112190751
249124785480
249111197553
249126040405
249100212642
249116489441
249119083808
249121086927
249110072751
249122725704
249129254941
249126422337
249118874326
249124232814
249110892897
249110513373
249115737069
249124765480
249123680844
249125329599
249116129438
249117562703
249126720230
249111833771
249121892026
249111452477
249119581718
249110279372
249112457337
249117620417
249115492750
249119465128
249114834237
249118048675
249117412154
249113770391
249127616864
249115184003
249100148309
249114240478
249127165897
249119081548
249112442365
249126529905
249113224942
249129384246
249117035017
249113419420
249113550007
249112441154
249124238815
249117222154
249117553717
249113521165
249118078482
249116221175
249112553002
249120473632
249101884242
249124181403
249126851089
249116975361
249112196788
249114967642
249120465956
249125778277
249119587114
249113993127
249115927894
249112729811
249111290861
249128228371
249118444332
249125715632
249117015445
249124712326
249121121306
249101910531
249128726111
249101578246
249111977178
249116436431
249113833006
249111866267
249110814541
249117569425
249111616847
249113278599
249126187827
249116157096
249113794200
249116355138
249101834503
249112370208
249117291271
249127236002
249116185382
249126855051
249100254220
249126059753
249101694442
249111444986
249117532443
249114517134
249115938906
249125315531
249124046708
249126612618
249113833430
249115731140
249116121273
249118881799
249124437805
249119591714
249127087553
249127214833
249122626310
249114776781
249124218912
249126262106
249128541723
249118760506
249123720124
249115064127
249114385219
249113964220
249121434065
249120091863
249122936683
249118141397
249113784629
249111068711
249121941972
249127748044
249128097593
249119161470
249100356478
249121726220
249116117142
249112749895
249125738882
249122278624
249114637214
249119381393
249111475801
249101814256
249114487348
249124180652
249114250348
249123227158
249116563001
249101862758
249128057818
249116447114
249100874833
249121853002
249116929997
249113582835
249111857697
249112479075
249101867791
249118075355
249113824525
249127670998
249119494724
249129523222
249128670268
249127716506
249114522620
249118960127
249100475408
249125223982
249119861992
249129727240
249118777397
249115216376
249119257963
249116086766
249112428117
249115061051
249119930841
249112374186
249129237964
249118251761
249118131126
249115759696
249120031271
249123990277
249127029927
249124646849
249123091743
249121956817
249111466741
249111283256
249124127561
249111299876
249114110835
249118345529
249126068984
249124812783
249113093182
249115935783
249119030767
249112745348
249110557610
249115031368
249112135541
249113491257
249101376327
249111674291
249101527739
249114419823
249112327435
249127133090
249114468232
249119558852
249114031829
249101020938
249112684364
249101830821
249126995395
249126981766
249126522972
249119641919
249124657457
249101078901
249101847658
249116427329
249121420207
249114981400
249117543881
249126928579
249115976328
249125710037
249117219081
249100323668
249121151918
249117813944
249125270920
249113671912
249124457594
249117985821
249117223578
249121232548
249115248288
249121537911
249110746517
249113382580
249119411970
249119513808
249121747396
249124549840
249111395806
249122516279
249116199358
249124747006
249121670029
249127889797
249124998790
249116257123
249125523473
249111072263
249113187480
249118944579
249113840960
249117724614
249123099209
249124288282
249120450131
249119543252
249113315366
249118159902
249126724218
249124023031
249125634286
249112446577
249114184485
249114593694
249112451727
249117269337
249120040787
249101329989
249128452831
249123975958
249124312500
249113767645
249129548841
249125739297
249124045279
249121968073
249128242904
249121680245
249114010075
249115036716
249111157422
249129895639
249113231260
249127229295
249129947131
249116339383
249122283093
249119614059
249120816961
249121875967
249125518403
249117120567
249114672018
249116936993
249125312183
249123632717
249111128953
249118752840
249129672778
249114615504
249128116882
249100383767
249126882519
249124090139
249129256822
249117498571
249118988227
249116155093
249113739434
249116444824
249121553583
249112471378
249112711016
249116880443
249118352043
249113818173
249117979127
249122915348
249119144417
249127249431
249119714530
249113581351
249127272359
249112957487
249112199543
249101080977
249113731430
249112630850
249124988739
249116472133
249125668096
249119764109
249119712939
249129649194
249128936244
249113757366
249116180180
249121685512
249115353154
249122996418
249124451505
249115925654
249113811228
249128129928
249120415387
249129726195
249125850932
249113811779
249120443619
249123113011
249115214456
249111966056
249126631896
249118990062
249118987843
249100420629
249118578291
249117256325
249127697686
249117866540
249126059854
249114564717
249111648594
249122746894
249100449699
249127446091
249122749359
249121064044
249114991162
249115067417
249118181311
249124364310
249116423074
249120123176
249121986392
249100176863
249110962499
249113892960
249118939408
249115077372
249112112303
249119462192
249121443137
249114215532
249119820253
249116764268
249110387014
249113671129
249114619768
249114354951
249112787283
249117482810
249129344647
249112387522
249119798079
249114497483
249116480920
249112140076
249118452553
249125242190
249113740148
249113693286
249112367126
249125960085
249113712703
249126932440
249117512433
249122776677
249126860740
249124648985
249110193201
249100759977
249119057847
249112447811
249125637060
249121656706
249112087710
249115846210
249117371072
249123659693
249119390869
249124637338
249116098750
249116442659
249124958155
249112595443
249119810232
249124116391
249112623897
249110132704
249100430007
249124358860
249116447907
249116160955
249110754741
249113922829
249118153482
249112034074
249101913177
249112718591
249112091280
249115354999
249114529132
249116238372
249118377451
249118438443
249116445936
249110034658
249110383474
249110029431
249117749426
249118313941
249124943739
249129499884
249121932142
249113796113
249124728952
249116026041
249110393529
249127560188
249100582913
249112626398
249119836842
249124264431
249110176903
249117527612
249126574270
249127634580
249115751481
249124152416
249124863951
249111220179
249118062565
249125392743
249124414988
249128585152
249101874027
249116246507
249119646384
249117812419
249129267135
249123655174
249110656272
249115765223
249124970458
249119651776
249113674593
249114148173
249113767386
249116157583
249121347293
249114359458
249127728605
249126250098
249110376914
249116855440
249119876352
249116476635
249123650949
249117090855
249117096277
249113590873
249120368923
249122063800
249100665187
249115719851
249117976753
249112113480
249112512833
249129570962
249100887742
249119151968
249127922190
249117319428
249112493350
249123755060
249115753959
249119437324
249126090353
249114599781
249112027837
249100189510
249112167391
249122232301
249117498096
249116826292
249124675704
249127053217
249115265622
249124772462
249114341953
249121963759
249112335184
249125871871
249125945364
249116434670
249116578781
249112472212
249128682925
249113185080
249114117696
249111382269
249115880730
249119551741
249117062325
249114691821
249111493953
249129523071
249128250427
249129382030
249114111152
249112858886
249110074540
249113584799
249116743957
249117118867
249118389118
249129637611
249119095995
249114739330
249116785294
249117825032
249115581571
249113543550
249116896452
249117954988
249127151136
249110382680
249101969778
249116128755
249113638113
249100518635
249123297912
249117727283
249117035973
249110777632
249122240767
249114891790
249129853043
249119748424
249127393747
249100289297
249119789107
249101543852
249122375737
249110978869
249127330314
249119795568
249129733032
249126021622
249113676009
249110787172
249113245889
249125353531
249117321353
249112261301
249116219032
249113347584
249119139800
249122276827
249115049783
249118641960
249129312337
249128732653
249115268900
249125392749
249119568841
249124241224
249110323224
249100638012
249129535712
249124644413
249116053811
249113110306
249115763446
249127216098
249116278425
249114399215
249127620818
249118233217
249124972918
249129248197
249125739837
249122857494
249114534265
249119510384
249120819112
249129830561
249119531670
249111268247
249121138673
249111478356
249125683608
249114690367
249117155770
249117639280
249120037014
249122332599
249122371833
249112447075
249124287272
249129018465
249101349209
249125551726
249113741724
249115823699
249119425497
249101288450
249121848217
249124016579
249100471697
249124230952
249116920018
249115295109
249119235055
249101856225
249129896909
249101339426
249127397847
249127153485
249128029486
249114413418
249112688868
249124149756
249119079745
249111042344
249117138904
249118946994
249110775253
249116467840
249117787388
249113539470
249112323049
249125346028
249112430865
249110357659
249114620319
249125979151
249129451438
249110287830
249118183331
249113936880
249115258368
249125355378
249126124346
249124763010
249116817588
249117042839
249118457031
249114618272
249114317594
249114684768
249121488284
249120341436
249116390039
249124517542
249121397272
249125569111
249118032112
249111291041
249121144821
249125581001
249115538797
249123945780
249121845136
249125948628
249117520844
249121399732
249117675947
249126655517
249124670600
249118750099
249118338991
249114879556
249110130153
249111916245
249124923449
249111463941
249116352315
249117179532
249113713955
249127032292
249112360236
249101332063
249129284251
249125536364
249127839769
249112577485
249101392585
249101827543
249124264519
249125121710
249119272665
249129211374
249117268184
249119431425
249121973750
249128867221
249113151387
249115993590
249125732401
249114567192
249118484821
249113526578
249124050047
249121994834
249128634457
249113993366
249112179078
249115843084
249112527605
249121912902
249115816398
249114277482
249110192455
249125911519
249113358366
249115559477
249112348845
249116254266
249100974190
249121224616
249129418255
249116318851
249116582233
249112761766
249120914203
249114770286
249118439469
249119149965
249129431979
249124968540
249117869525
249114812633
249119812332
249101834830
249125735513
249117562395
249116890234
249114599907
249110261143
249128821861
249128464141
249126167302
249113239360
249112278697
249114787832
249112323876
249111624349
249124589346
249112325756
249101947079
249101869996
249128260398
249111133933
249127347229
249117567750
249117162275
249113975547
249121655290
249120046047
249121537512
249124214878
249115731645
249113621605
249115477510
249124237964
249114753058
249128968303
249110213781
249119788517
249113519398
249114018251
249115749348
249114470711
249112629351
249116673790
249124984607
249125661123
249112375216
249124064700
249122715883
249112351532
249113668458
249127140164
249114351040
249114137568
249101533354
249123682127
249116750033
249114462809
249127158395
249117055953
249127723137
249118956319
249101857676
249118515159
249114169938
249122794804
249119140055
249125948084
249111331668
249125659773
249112161591
249117345643
249126559515
249101032625
249126868338
249113567755
249114525313
249115238133
249125795624
249120076458
249100864887
249122559929
249119054347
249125737081
249113863577
249116495198
249111436828
249112545395
249124977091
249122938488
249116596879
249113465096
249111647216
249115779544
249111477165
249116326643
249112338106
249110168197
249110763535
249121691948
249125630068
249112431590
249129650819
249129495769
249128596669
249101620032
249112462325
249127699593
249112087988
249116892611
249114263154
249101568732
249113062558
249116149692
249117184881
249112643459
249113418284
249114525912
249111319270
249122295743
249101812475
249115719669
249118327974
249120745130
249120826033
249125056290
249123750756
249119467078
249116164380
249113743059
249124046099
249121162527
249124355283
249117950996
249124911902
249115790920
249119634615
249101383391
249114541409
249112327315
249111124267
249124168124
249117133805
249129786457
249128765631
249116386131
249111494420
249100172333
249110370232
249120937065
249115060553
249101862250
249124915766
249101065557
249114611121
249112720213
249121225206
249124178652
249118453511
249125372828
249113262474
249111326889
249126194687
249129317657
249118768379
249110047646
249123552429
249124267840
249115713861
249110532302
249114896226
249124031251
249110310930
249116488039
249116482988
249124367030
249127267020
249100159519
249113828134
249128841649
249122345513
249124139127
249114358223
249110351786
249117566246
249119938645
249119814933
249126240503
249115147993
249123616683
249111284884
249113175392
249112737192
249124361691
249129683313
249101889123
249114116498
249124437463
249129676300
249126163501
249101396373
249122553713
249117722641
249127450788
249125129506
249116461549
249123991293
249128862830
249125522848
249119358356
249113814441
249114083473
249127018256
249124691956
249125869543
249110024270
249125960105
249101835773
249126649769
249112396414
249119815165
249114790181
249126120756
249124724032
249118881385
249128246214
249125331378
249115573998
249116151771
249117783194
249122727080
249112199182
249100423771
249115524753
249101994943
249115773122
249117254444
249128064858
249129321101